<?xml version="1.0" encoding="UTF-8"?>  <sh:StandardBusinessDocument xmlns:sh="http://www.unece.org/cefact/namespaces/StandardBusinessDocumentHeader" xmlns:eanucc="urn:ean.ucc:2" xmlns:gpc="urn:ean.ucc:gpc:2" xmlns:xsi="http://www.w3.org/2001/XMLSchema-instance" xsi:schemaLocation="http://www.unece.org/cefact/namespaces/StandardBusinessDocumentHeader ../Schemas/sbdh/StandardBusinessDocumentHeader.xsd urn:ean.ucc:2 ../Schemas/Gs1SchemaProxy.xsd"> 	<sh:StandardBusinessDocumentHeader> 		<sh:HeaderVersion>2.2</sh:HeaderVersion> 		<sh:Sender> 			<sh:Identifier Authority="GS1">0000000000000</sh:Identifier> 			<sh:ContactInformation> 				<sh:Contact>Mike Mowad</sh:Contact> 				<sh:EmailAddress>gsmp@gs1.org</sh:EmailAddress> 				<sh:FaxNumber>+1 609-557-4599</sh:FaxNumber> 				<sh:TelephoneNumber>+1 609-557-4568</sh:TelephoneNumber> 				<sh:ContactTypeIdentifier></sh:ContactTypeIdentifier> 			</sh:ContactInformation> 		</sh:Sender> 		<sh:Receiver> 			<sh:Identifier Authority="GS1">0000000000000</sh:Identifier> 			<sh:ContactInformation> 				<sh:Contact>Mike Mowad</sh:Contact> 				<sh:EmailAddress>gsmp@gs1.org</sh:EmailAddress> 				<sh:FaxNumber>+1 609-557-4599</sh:FaxNumber> 				<sh:TelephoneNumber>+1 609-557-4568</sh:TelephoneNumber> 				<sh:ContactTypeIdentifier></sh:ContactTypeIdentifier> 			</sh:ContactInformation> 		</sh:Receiver> 		<sh:DocumentIdentification> 			<sh:Standard>GS1</sh:Standard> 			<sh:TypeVersion>2.0.2</sh:TypeVersion> 			<sh:InstanceIdentifier>100003</sh:InstanceIdentifier> 			<sh:Type>Gs1Schema</sh:Type> 			<sh:MultipleType>false</sh:MultipleType> 			<sh:CreationDateAndTime>2005-09-19T12:00:01.000</sh:CreationDateAndTime> 		</sh:DocumentIdentification> 	</sh:StandardBusinessDocumentHeader> 	<eanucc:message> 		<entityIdentification> 			<uniqueCreatorIdentification>MSG-123-20050919</uniqueCreatorIdentification> 			<contentOwner> 				<gln>0000000000000</gln> 			</contentOwner> 		</entityIdentification> 		<gpc:gs1Schema xsi:schemaLocation="urn:ean.ucc:2 ../Schemas/Gs1SchemaProxy.xsd"> <schema> <currentVersion>as at 01122020 EN</currentVersion> <previousVersion></previousVersion>
<segment code="84000000" text="Tool Storage/Workshop Aids" definition="">
<family code="84010000" text="Tool Storage/Workshop Aids" definition="">
<class code="84010100" text="Tool Storage" definition="">
<brick code="10003678" text="Tool Belts/Holsters/Pouches" definition="Includes any products that can be described/observed as accessories that fasten around the waist and have a number of compartments that are used for carrying tools and/or fasteners. Includes products such as tool belts specifically designed for hand tools. Excludes products such as belts not specifically designed to carry tools as well as tool carrybags, wallets and pouches.">
<attType code="20002125" text="Type of Belt/Holster/Pouch" definition="Indicates, with reference to the product branding, labelling or packaging, the descriptive term that is used by the product manufacturer to identify the type of a belt, holster or pouch.">
<attValue code="30011412" text="TOOL BELT/HOLSTER" definition=""/>
<attValue code="30011425" text="TOOL POUCH" definition=""/>
<attValue code="30002515" text="UNCLASSIFIED" definition="This term is used to describe those product attributes that are unable to be classified within their specific market; e.g. goat&apos;s cheese - goat&apos;s cheeses is often generically labelled and cannot be further classified."/>
<attValue code="30002518" text="UNIDENTIFIED" definition="This term is used to describe those product attributes that are unidentifiable given existing or available product information."/>
</attType>
<attType code="20000794" text="Type of Material" definition="Indicates, with reference to the product branding, labelling or packaging, the descriptive term that is used by the product manufacturer to identify the type of material from which the product is made.">
<attValue code="30004006" text="LEATHER" definition="Leather is a durable and flexible material created by tanning animal rawhide and skin, often cattle hide."/>
<attValue code="30006990" text="NYLON" definition=""/>
<attValue code="30004152" text="PLASTIC" definition="Plastic is a material consisting of any of a wide range of synthetic or semi-synthetic organics that are malleable and can be molded into solid objects of diverse shapes. Plastics are typically organic polymers of high molecular mass, but they often contain other substances. They are usually synthetic, most commonly derived from petrochemicals, but many are partially natural. Plasticity is the general property of all materials that are able to irreversibly deform without breaking, but this occurs to such a degree with this class of moldable polymers that their name is an emphasis on this ability."/>
<attValue code="30004201" text="RUBBER" definition=""/>
<attValue code="30002515" text="UNCLASSIFIED" definition="This term is used to describe those product attributes that are unable to be classified within their specific market; e.g. goat&apos;s cheese - goat&apos;s cheeses is often generically labelled and cannot be further classified."/>
<attValue code="30002518" text="UNIDENTIFIED" definition="This term is used to describe those product attributes that are unidentifiable given existing or available product information."/>
</attType>
</brick>
<brick code="10003676" text="Tool Boxes/Cases" definition="Includes any products that can be described/observed as a container specifically designed for the storage and portability of hand tools. These products will have a number of different compartments designed for hand tools or fastening accessories. Includes products that may or may not have a lid. Excludes products such as tool carts and household boxes and chests.">
<attType code="20001975" text="If Lockable" definition="Indicates, with reference to the product branding, labelling or packaging, the descriptive term that is used by the product manufacturer to identify whether the product is able to be locked.">
<attValue code="30002960" text="NO" definition=""/>
<attValue code="30002518" text="UNIDENTIFIED" definition="This term is used to describe those product attributes that are unidentifiable given existing or available product information."/>
<attValue code="30002654" text="YES" definition=""/>
</attType>
<attType code="20001719" text="If With Lid" definition="Indicates, with reference to the product branding, labelling or packaging, the descriptive term that is used by the product manufacturer to identify whether or not the product is closed by means of a lid.">
<attValue code="30002960" text="NO" definition=""/>
<attValue code="30002518" text="UNIDENTIFIED" definition="This term is used to describe those product attributes that are unidentifiable given existing or available product information."/>
<attValue code="30002654" text="YES" definition=""/>
</attType>
<attType code="20000794" text="Type of Material" definition="Indicates, with reference to the product branding, labelling or packaging, the descriptive term that is used by the product manufacturer to identify the type of material from which the product is made.">
<attValue code="30004052" text="METAL" definition=""/>
<attValue code="30004152" text="PLASTIC" definition="Plastic is a material consisting of any of a wide range of synthetic or semi-synthetic organics that are malleable and can be molded into solid objects of diverse shapes. Plastics are typically organic polymers of high molecular mass, but they often contain other substances. They are usually synthetic, most commonly derived from petrochemicals, but many are partially natural. Plasticity is the general property of all materials that are able to irreversibly deform without breaking, but this occurs to such a degree with this class of moldable polymers that their name is an emphasis on this ability."/>
<attValue code="30002515" text="UNCLASSIFIED" definition="This term is used to describe those product attributes that are unable to be classified within their specific market; e.g. goat&apos;s cheese - goat&apos;s cheeses is often generically labelled and cannot be further classified."/>
<attValue code="30002518" text="UNIDENTIFIED" definition="This term is used to describe those product attributes that are unidentifiable given existing or available product information."/>
<attValue code="30004369" text="WOOD" definition=""/>
</attType>
<attType code="20002206" text="Type of Tool Box/Case" definition="Indicate, with reference to the product branding, labelling or packaging, the descriptive term that is used by the product manufacturer to identify the product design or type.">
<attValue code="30011654" text="3 DRAWER" definition=""/>
<attValue code="30011653" text="9 DRAWER" definition=""/>
<attValue code="30011657" text="CANTILEVER BOX" definition=""/>
<attValue code="30011660" text="DRILL CASE" definition=""/>
<attValue code="30011655" text="DUAL STORAGE" definition=""/>
<attValue code="30011659" text="GRINDER CASE" definition=""/>
<attValue code="30013314" text="MAGNETIC TOOL TRAY" definition=""/>
<attValue code="30011658" text="SAW CASE" definition=""/>
<attValue code="30011656" text="TRUCK BOX" definition=""/>
<attValue code="30002515" text="UNCLASSIFIED" definition="This term is used to describe those product attributes that are unable to be classified within their specific market; e.g. goat&apos;s cheese - goat&apos;s cheeses is often generically labelled and cannot be further classified."/>
<attValue code="30002518" text="UNIDENTIFIED" definition="This term is used to describe those product attributes that are unidentifiable given existing or available product information."/>
</attType>
</brick>
<brick code="10003674" text="Tool Cabinets" definition="Includes any products that can be described/observed as a cabinet that is specifically designed to be used for the storage of tools. It may consist of shelves and/or drawers. Excludes cabinets not specifically designed for tools.">
<attType code="20001712" text="If With Drawers" definition="Indicates, with reference to the product branding, labelling or packaging, the descriptive term that is used by the product manufacturer to identify whether or not the product is designed with incorporated drawers.">
<attValue code="30002960" text="NO" definition=""/>
<attValue code="30002518" text="UNIDENTIFIED" definition="This term is used to describe those product attributes that are unidentifiable given existing or available product information."/>
<attValue code="30002654" text="YES" definition=""/>
</attType>
<attType code="20001972" text="If With Wheels" definition="Indicates, with reference to the product branding, labelling or packaging, the descriptive term that is used by the product manufacturer to identify whether the product has built-in wheels to facilitate maneuverability on the ground.">
<attValue code="30002960" text="NO" definition=""/>
<attValue code="30002518" text="UNIDENTIFIED" definition="This term is used to describe those product attributes that are unidentifiable given existing or available product information."/>
<attValue code="30002654" text="YES" definition=""/>
</attType>
<attType code="20001353" text="Installation Type" definition="Indicates, with reference to the product branding, labelling or packaging, the descriptive term that is used by the product manufacturer to identify how/where the product is installed.">
<attValue code="30009198" text="FREESTANDING" definition=""/>
<attValue code="30002515" text="UNCLASSIFIED" definition="This term is used to describe those product attributes that are unable to be classified within their specific market; e.g. goat&apos;s cheese - goat&apos;s cheeses is often generically labelled and cannot be further classified."/>
<attValue code="30002518" text="UNIDENTIFIED" definition="This term is used to describe those product attributes that are unidentifiable given existing or available product information."/>
<attValue code="30010061" text="WALL MOUNTED" definition=""/>
</attType>
<attType code="20000794" text="Type of Material" definition="Indicates, with reference to the product branding, labelling or packaging, the descriptive term that is used by the product manufacturer to identify the type of material from which the product is made.">
<attValue code="30004052" text="METAL" definition=""/>
<attValue code="30004152" text="PLASTIC" definition="Plastic is a material consisting of any of a wide range of synthetic or semi-synthetic organics that are malleable and can be molded into solid objects of diverse shapes. Plastics are typically organic polymers of high molecular mass, but they often contain other substances. They are usually synthetic, most commonly derived from petrochemicals, but many are partially natural. Plasticity is the general property of all materials that are able to irreversibly deform without breaking, but this occurs to such a degree with this class of moldable polymers that their name is an emphasis on this ability."/>
<attValue code="30002515" text="UNCLASSIFIED" definition="This term is used to describe those product attributes that are unable to be classified within their specific market; e.g. goat&apos;s cheese - goat&apos;s cheeses is often generically labelled and cannot be further classified."/>
<attValue code="30002518" text="UNIDENTIFIED" definition="This term is used to describe those product attributes that are unidentifiable given existing or available product information."/>
<attValue code="30004369" text="WOOD" definition=""/>
</attType>
</brick>
<brick code="10003677" text="Tool Carrybags/Wallets" definition="Includes any products that can be described/observed as a bag or wallet that is specifically designed to carry hand tools, power tools or tool accessories. Includes products such as carrybags that consist of varying compartments and wallets specifically designed for screwdrivers. Excludes bags not specifically designed to carry tools as well as tool accessories fastened around a persons waist.">
<attType code="20001975" text="If Lockable" definition="Indicates, with reference to the product branding, labelling or packaging, the descriptive term that is used by the product manufacturer to identify whether the product is able to be locked.">
<attValue code="30002960" text="NO" definition=""/>
<attValue code="30002518" text="UNIDENTIFIED" definition="This term is used to describe those product attributes that are unidentifiable given existing or available product information."/>
<attValue code="30002654" text="YES" definition=""/>
</attType>
<attType code="20000794" text="Type of Material" definition="Indicates, with reference to the product branding, labelling or packaging, the descriptive term that is used by the product manufacturer to identify the type of material from which the product is made.">
<attValue code="30010746" text="COTTON" definition=""/>
<attValue code="30004006" text="LEATHER" definition="Leather is a durable and flexible material created by tanning animal rawhide and skin, often cattle hide."/>
<attValue code="30006990" text="NYLON" definition=""/>
<attValue code="30004152" text="PLASTIC" definition="Plastic is a material consisting of any of a wide range of synthetic or semi-synthetic organics that are malleable and can be molded into solid objects of diverse shapes. Plastics are typically organic polymers of high molecular mass, but they often contain other substances. They are usually synthetic, most commonly derived from petrochemicals, but many are partially natural. Plasticity is the general property of all materials that are able to irreversibly deform without breaking, but this occurs to such a degree with this class of moldable polymers that their name is an emphasis on this ability."/>
<attValue code="30002515" text="UNCLASSIFIED" definition="This term is used to describe those product attributes that are unable to be classified within their specific market; e.g. goat&apos;s cheese - goat&apos;s cheeses is often generically labelled and cannot be further classified."/>
<attValue code="30002518" text="UNIDENTIFIED" definition="This term is used to describe those product attributes that are unidentifiable given existing or available product information."/>
</attType>
</brick>
<brick code="10003578" text="Tool Carts" definition="Includes any products that can be described/observed as a wheeled, container with a number of compartments in which tools are stored for the user to be able to gain easy access to them. The distinguishing feature of the tool cart is the presence of a tray or a flat surface on the highest tier that provides a surface for the placement of tools. Includes products such as tool carts with drawer storage. Excludes products such as hand trucks and tool cabinets.">
<attType code="20001975" text="If Lockable" definition="Indicates, with reference to the product branding, labelling or packaging, the descriptive term that is used by the product manufacturer to identify whether the product is able to be locked.">
<attValue code="30002960" text="NO" definition=""/>
<attValue code="30002518" text="UNIDENTIFIED" definition="This term is used to describe those product attributes that are unidentifiable given existing or available product information."/>
<attValue code="30002654" text="YES" definition=""/>
</attType>
<attType code="20001712" text="If With Drawers" definition="Indicates, with reference to the product branding, labelling or packaging, the descriptive term that is used by the product manufacturer to identify whether or not the product is designed with incorporated drawers.">
<attValue code="30002960" text="NO" definition=""/>
<attValue code="30002518" text="UNIDENTIFIED" definition="This term is used to describe those product attributes that are unidentifiable given existing or available product information."/>
<attValue code="30002654" text="YES" definition=""/>
</attType>
<attType code="20000794" text="Type of Material" definition="Indicates, with reference to the product branding, labelling or packaging, the descriptive term that is used by the product manufacturer to identify the type of material from which the product is made.">
<attValue code="30004052" text="METAL" definition=""/>
<attValue code="30004152" text="PLASTIC" definition="Plastic is a material consisting of any of a wide range of synthetic or semi-synthetic organics that are malleable and can be molded into solid objects of diverse shapes. Plastics are typically organic polymers of high molecular mass, but they often contain other substances. They are usually synthetic, most commonly derived from petrochemicals, but many are partially natural. Plasticity is the general property of all materials that are able to irreversibly deform without breaking, but this occurs to such a degree with this class of moldable polymers that their name is an emphasis on this ability."/>
<attValue code="30002515" text="UNCLASSIFIED" definition="This term is used to describe those product attributes that are unable to be classified within their specific market; e.g. goat&apos;s cheese - goat&apos;s cheeses is often generically labelled and cannot be further classified."/>
<attValue code="30002518" text="UNIDENTIFIED" definition="This term is used to describe those product attributes that are unidentifiable given existing or available product information."/>
<attValue code="30004369" text="WOOD" definition=""/>
</attType>
</brick>
<brick code="10005102" text="Tool Storage Other" definition="Includes any products that can be described/observed as Tool Storage items, where the user of the schema is not able to classify the products in existing bricks within the schema. Excludes all currently classified tool storage products.">
</brick>
<brick code="10005104" text="Tool Storage Variety Packs" definition="Includes any products that can be described/observed as two or more distinct Tool Storage products sold together which exist within the same class but belong to different bricks, that is two or more products contained within the same pack which cross bricks within the Tool Storage class. Includes products such as tool boxes sold with tool carrybags. Items that are received free with purchases should be removed from the classification decision-making process. Excludes products such as tools and tools storage items sold together.">
</brick>
</class>
<class code="84010200" text="Workshop Aids" definition="">
<brick code="10003572" text="Roller Stands" definition="Includes any products that can be described/observed as a stand specifically designed to catch and support a load as it is put through and exits a piece of machinery. These products may have a single or number of rollers on which to support the material providing a &apos;conveyer belt&apos; for the finished material. Includes products such as telescopic roller stands. Excludes products such as benches and jacks.">
<attType code="20001890" text="If Telescopic" definition="Indicates with reference to the product branding, labelling or packaging, the descriptive term that is used to identify whether the product is telescopic.">
<attValue code="30002960" text="NO" definition=""/>
<attValue code="30002518" text="UNIDENTIFIED" definition="This term is used to describe those product attributes that are unidentifiable given existing or available product information."/>
<attValue code="30002654" text="YES" definition=""/>
</attType>
<attType code="20000794" text="Type of Material" definition="Indicates, with reference to the product branding, labelling or packaging, the descriptive term that is used by the product manufacturer to identify the type of material from which the product is made.">
<attValue code="30004052" text="METAL" definition=""/>
<attValue code="30002515" text="UNCLASSIFIED" definition="This term is used to describe those product attributes that are unable to be classified within their specific market; e.g. goat&apos;s cheese - goat&apos;s cheeses is often generically labelled and cannot be further classified."/>
<attValue code="30002518" text="UNIDENTIFIED" definition="This term is used to describe those product attributes that are unidentifiable given existing or available product information."/>
<attValue code="30004369" text="WOOD" definition=""/>
</attType>
<attType code="20002123" text="Type of Roller Stand" definition="Indicates, with reference to the product branding, labelling or packaging, the descriptive term that is used by the product manufacturer to identify the number of rollers the roller stand has to support the finished material after cutting or planing has taken place.">
<attValue code="30011421" text="MULTIPLE ROLLERS" definition=""/>
<attValue code="30011422" text="SINGLE ROLLER" definition=""/>
<attValue code="30002515" text="UNCLASSIFIED" definition="This term is used to describe those product attributes that are unable to be classified within their specific market; e.g. goat&apos;s cheese - goat&apos;s cheeses is often generically labelled and cannot be further classified."/>
<attValue code="30002518" text="UNIDENTIFIED" definition="This term is used to describe those product attributes that are unidentifiable given existing or available product information."/>
</attType>
</brick>
<brick code="10005806" text="Router Tables" definition="Includes any products that can be described/observed as a woodworking table with a gantry to which a router or spindle is mounted. Includes tables that can have three or four motor driven systems that speedily and accurately mould and trim wood. Excludes products such as work benches and saw horses.">
</brick>
<brick code="10003470" text="Saw Horses/Trestles" definition="Includes any products that can be described/observed as a work surface specifically designed to support materials being sawed. Excludes products such as work benches.">
<attType code="20001981" text="If Supplied as a Flatpack (to be assembled)" definition="Indicates, with reference to the product branding, labelling or packaging, the descriptive term that is used by the product manufacturer to identify whether or not the product is sold in pieces inside a flat box, together with instructions for home assembly.">
<attValue code="30002960" text="NO" definition=""/>
<attValue code="30002518" text="UNIDENTIFIED" definition="This term is used to describe those product attributes that are unidentifiable given existing or available product information."/>
<attValue code="30002654" text="YES" definition=""/>
</attType>
<attType code="20001890" text="If Telescopic" definition="Indicates with reference to the product branding, labelling or packaging, the descriptive term that is used to identify whether the product is telescopic.">
<attValue code="30002960" text="NO" definition=""/>
<attValue code="30002518" text="UNIDENTIFIED" definition="This term is used to describe those product attributes that are unidentifiable given existing or available product information."/>
<attValue code="30002654" text="YES" definition=""/>
</attType>
<attType code="20000794" text="Type of Material" definition="Indicates, with reference to the product branding, labelling or packaging, the descriptive term that is used by the product manufacturer to identify the type of material from which the product is made.">
<attValue code="30004052" text="METAL" definition=""/>
<attValue code="30002515" text="UNCLASSIFIED" definition="This term is used to describe those product attributes that are unable to be classified within their specific market; e.g. goat&apos;s cheese - goat&apos;s cheeses is often generically labelled and cannot be further classified."/>
<attValue code="30002518" text="UNIDENTIFIED" definition="This term is used to describe those product attributes that are unidentifiable given existing or available product information."/>
<attValue code="30004369" text="WOOD" definition=""/>
</attType>
</brick>
<brick code="10007938" text="Work Bench/Table Replacement Parts/Accessories" definition="Includes any products that may be described/observed as parts or
 accessories for Work Benches/Tables.">
<attType code="20001898" text="If Adjustable" definition="Indicates with reference to the product branding, labelling or packaging, the descriptive term that is used to identify whether the product is capable of being changed so as to match or fit the user&apos;s needs.">
<attValue code="30002960" text="NO" definition=""/>
<attValue code="30002518" text="UNIDENTIFIED" definition="This term is used to describe those product attributes that are unidentifiable given existing or available product information."/>
<attValue code="30002654" text="YES" definition=""/>
</attType>
<attType code="20000794" text="Type of Material" definition="Indicates, with reference to the product branding, labelling or packaging, the descriptive term that is used by the product manufacturer to identify the type of material from which the product is made.">
<attValue code="30004052" text="METAL" definition=""/>
<attValue code="30004152" text="PLASTIC" definition="Plastic is a material consisting of any of a wide range of synthetic or semi-synthetic organics that are malleable and can be molded into solid objects of diverse shapes. Plastics are typically organic polymers of high molecular mass, but they often contain other substances. They are usually synthetic, most commonly derived from petrochemicals, but many are partially natural. Plasticity is the general property of all materials that are able to irreversibly deform without breaking, but this occurs to such a degree with this class of moldable polymers that their name is an emphasis on this ability."/>
<attValue code="30002515" text="UNCLASSIFIED" definition="This term is used to describe those product attributes that are unable to be classified within their specific market; e.g. goat&apos;s cheese - goat&apos;s cheeses is often generically labelled and cannot be further classified."/>
<attValue code="30002518" text="UNIDENTIFIED" definition="This term is used to describe those product attributes that are unidentifiable given existing or available product information."/>
<attValue code="30004369" text="WOOD" definition=""/>
</attType>
</brick>
<brick code="10003468" text="Work Benches" definition="Includes any products that can be described/observed as a table for a carpenter or mechanic, designed to facilitate a number of different activities. The products can be equipped with vices for holding wood or metal while the craftsman works it with hand tools. Includes stationary and portable workbenches. Excludes tool carts, saw horses and all other types of tables.">
<attType code="20001898" text="If Adjustable" definition="Indicates with reference to the product branding, labelling or packaging, the descriptive term that is used to identify whether the product is capable of being changed so as to match or fit the user&apos;s needs.">
<attValue code="30002960" text="NO" definition=""/>
<attValue code="30002518" text="UNIDENTIFIED" definition="This term is used to describe those product attributes that are unidentifiable given existing or available product information."/>
<attValue code="30002654" text="YES" definition=""/>
</attType>
<attType code="20001712" text="If With Drawers" definition="Indicates, with reference to the product branding, labelling or packaging, the descriptive term that is used by the product manufacturer to identify whether or not the product is designed with incorporated drawers.">
<attValue code="30002960" text="NO" definition=""/>
<attValue code="30002518" text="UNIDENTIFIED" definition="This term is used to describe those product attributes that are unidentifiable given existing or available product information."/>
<attValue code="30002654" text="YES" definition=""/>
</attType>
<attType code="20000794" text="Type of Material" definition="Indicates, with reference to the product branding, labelling or packaging, the descriptive term that is used by the product manufacturer to identify the type of material from which the product is made.">
<attValue code="30004052" text="METAL" definition=""/>
<attValue code="30002515" text="UNCLASSIFIED" definition="This term is used to describe those product attributes that are unable to be classified within their specific market; e.g. goat&apos;s cheese - goat&apos;s cheeses is often generically labelled and cannot be further classified."/>
<attValue code="30002518" text="UNIDENTIFIED" definition="This term is used to describe those product attributes that are unidentifiable given existing or available product information."/>
<attValue code="30004369" text="WOOD" definition=""/>
</attType>
<attType code="20002131" text="Type of Work Bench" definition="Indicates, with reference to the product branding, labelling or packaging, the descriptive term that is used by the product manufacturer to identify whether a work bench is stationary or portable.">
<attValue code="30007608" text="PORTABLE" definition="This term is used to describe those products that the manufactures has identified as being portable."/>
<attValue code="30010079" text="STATIONARY" definition=""/>
<attValue code="30002515" text="UNCLASSIFIED" definition="This term is used to describe those product attributes that are unable to be classified within their specific market; e.g. goat&apos;s cheese - goat&apos;s cheeses is often generically labelled and cannot be further classified."/>
<attValue code="30002518" text="UNIDENTIFIED" definition="This term is used to describe those product attributes that are unidentifiable given existing or available product information."/>
</attType>
</brick>
<brick code="10005101" text="Workshop Aids Other" definition="Includes any products that can be described/observed as Workshop Aids, where the user of the schema is not able to classify the products in existing bricks within the schema. Excludes all currently classified protective workshop aids products.">
</brick>
<brick code="10005100" text="Workshop Aids Replacement Parts/Accessories" definition="Includes any products that can be described/observed as replacement parts for workshop aids products. Includes products such as replacement castors for trestles. Excludes products such as complete workshop aids.">
</brick>
<brick code="10005723" text="Workshop Cloths/Rags" definition="Includes any products that can be described/observed as a cloth or rag specifically designed for workshop use. The cloths are strong and absorbant enough to clean up oil and latex paint and some are coated to allow for cleaning fine sawdust from wood. Includes disposable workshop towels and non-disposable rags. Excludes products such as kitchen paper towels.">
<attType code="20000097" text="If Disposable" definition="Indicates, with reference to the product branding, labelling or packaging, the descriptive term that is used by the product manufacturer to identify whether or not the product is intended to be disposed of after single use or a limited period of use.">
<attValue code="30002960" text="NO" definition=""/>
<attValue code="30002518" text="UNIDENTIFIED" definition="This term is used to describe those product attributes that are unidentifiable given existing or available product information."/>
<attValue code="30002654" text="YES" definition=""/>
</attType>
<attType code="20000794" text="Type of Material" definition="Indicates, with reference to the product branding, labelling or packaging, the descriptive term that is used by the product manufacturer to identify the type of material from which the product is made.">
<attValue code="30004127" text="PAPER" definition=""/>
<attValue code="30004299" text="TEXTILE" definition="A textile is a flexible material consisting of a network of natural or artificial fibres (yarn or thread)."/>
<attValue code="30002515" text="UNCLASSIFIED" definition="This term is used to describe those product attributes that are unable to be classified within their specific market; e.g. goat&apos;s cheese - goat&apos;s cheeses is often generically labelled and cannot be further classified."/>
<attValue code="30002518" text="UNIDENTIFIED" definition="This term is used to describe those product attributes that are unidentifiable given existing or available product information."/>
</attType>
</brick>
</class>
</family>
</segment>
</schema></gpc:gs1Schema></eanucc:message></sh:StandardBusinessDocument>
