<?xml version="1.0" encoding="UTF-8"?>  <sh:StandardBusinessDocument xmlns:sh="http://www.unece.org/cefact/namespaces/StandardBusinessDocumentHeader" xmlns:eanucc="urn:ean.ucc:2" xmlns:gpc="urn:ean.ucc:gpc:2" xmlns:xsi="http://www.w3.org/2001/XMLSchema-instance" xsi:schemaLocation="http://www.unece.org/cefact/namespaces/StandardBusinessDocumentHeader ../Schemas/sbdh/StandardBusinessDocumentHeader.xsd urn:ean.ucc:2 ../Schemas/Gs1SchemaProxy.xsd"> 	<sh:StandardBusinessDocumentHeader> 		<sh:HeaderVersion>2.2</sh:HeaderVersion> 		<sh:Sender> 			<sh:Identifier Authority="GS1">0000000000000</sh:Identifier> 			<sh:ContactInformation> 				<sh:Contact>Mike Mowad</sh:Contact> 				<sh:EmailAddress>gsmp@gs1.org</sh:EmailAddress> 				<sh:FaxNumber>+1 609-557-4599</sh:FaxNumber> 				<sh:TelephoneNumber>+1 609-557-4568</sh:TelephoneNumber> 				<sh:ContactTypeIdentifier></sh:ContactTypeIdentifier> 			</sh:ContactInformation> 		</sh:Sender> 		<sh:Receiver> 			<sh:Identifier Authority="GS1">0000000000000</sh:Identifier> 			<sh:ContactInformation> 				<sh:Contact>Mike Mowad</sh:Contact> 				<sh:EmailAddress>gsmp@gs1.org</sh:EmailAddress> 				<sh:FaxNumber>+1 609-557-4599</sh:FaxNumber> 				<sh:TelephoneNumber>+1 609-557-4568</sh:TelephoneNumber> 				<sh:ContactTypeIdentifier></sh:ContactTypeIdentifier> 			</sh:ContactInformation> 		</sh:Receiver> 		<sh:DocumentIdentification> 			<sh:Standard>GS1</sh:Standard> 			<sh:TypeVersion>2.0.2</sh:TypeVersion> 			<sh:InstanceIdentifier>100003</sh:InstanceIdentifier> 			<sh:Type>Gs1Schema</sh:Type> 			<sh:MultipleType>false</sh:MultipleType> 			<sh:CreationDateAndTime>2005-09-19T12:00:01.000</sh:CreationDateAndTime> 		</sh:DocumentIdentification> 	</sh:StandardBusinessDocumentHeader> 	<eanucc:message> 		<entityIdentification> 			<uniqueCreatorIdentification>MSG-123-20050919</uniqueCreatorIdentification> 			<contentOwner> 				<gln>0000000000000</gln> 			</contentOwner> 		</entityIdentification> 		<gpc:gs1Schema xsi:schemaLocation="urn:ean.ucc:2 ../Schemas/Gs1SchemaProxy.xsd"> <schema> <currentVersion>as at 01122020 EN</currentVersion> <previousVersion></previousVersion>
<segment code="80000000" text="Tools/Equipment - Hand" definition="">
<family code="80010000" text="Tools/Equipment - Hand" definition="">
<class code="80010100" text="Measuring/Levelling/Marking Tools" definition="">
<brick code="10005716" text="Bevel Gauges" definition="Includes any products that may be described/observed as an adjustable gauge for setting and transferring angles. The handle is usually made of wood or plastic and is connected to a metal blade with a thumbscrew or wing nut. The blade pivots and can be locked at any angle by loosening or tightening the thumbscrew. Excludes products such as compasses, callipers and protractors.">
</brick>
<brick code="10003463" text="Callipers (DIY)" definition="Includes any products that may be described/observed as a manual measuring instrument for measuring the distance between two points. Excludes products such as measuring wheels, compasses and rulers.">
</brick>
<brick code="10003454" text="Dividers/Compass (DIY)" definition="Includes any products that may be described/observed as an instrument for drawing and measuring circles, consisting of two legs connected at one end by a movable joint. Excludes products such as stationery compasses and callipers.">
</brick>
<brick code="10003465" text="Levels" definition="Includes any products that may be described/observed as a measuring instrument for achieving exact level surfaces, whether horizontal or vertical. These products usually take the form of a ruler-like item fitted with a liquid capsule in which a bubble indicates gradient. Includes products such as spirit levels. Excludes products such as plumb bobs and laser levels.">
</brick>
<brick code="10005707" text="Marking Chalks/String Lines" definition="Includes any products that may be described/observed as a powdered chalk together with a spool of string that is used to mark construction projects and building sites as well as solid chalk used on its own. Includes products such as fine powdered chalk to be used with a string line and hard shaped chalk. Excludes products such as marking pencils and crayons.">
<attType code="20002611" text="Type Of Marking Chalk" definition="Indicates, with reference to the product branding, labelling or packaging, the descriptive term that is used by the product manufacturer to identify the type of marking chalk.">
<attValue code="30013274" text="HARD SHAPED" definition=""/>
<attValue code="30013285" text="POWDER/STRING" definition=""/>
<attValue code="30002515" text="UNCLASSIFIED" definition="This term is used to describe those product attributes that are unable to be classified within their specific market; e.g. goat&apos;s cheese - goat&apos;s cheeses is often generically labelled and cannot be further classified."/>
<attValue code="30002518" text="UNIDENTIFIED" definition="This term is used to describe those product attributes that are unidentifiable given existing or available product information."/>
</attType>
</brick>
<brick code="10003461" text="Measuring Wheels" definition="Includes any products that may be described/observed as an analogue measuring instrument in the shape of a wheel, which can be run along distances to measure them accurately and quickly. Excludes products such as tape measures.">
<attType code="20001145" text="Analog/Digital" definition="Indicates, with reference to the product branding, labelling or packaging, the descriptive term that is used by the product manufacturer to identify whether the product is analog or digital.">
<attValue code="30007712" text="ANALOG" definition=""/>
<attValue code="30005480" text="DIGITAL" definition=""/>
<attValue code="30002515" text="UNCLASSIFIED" definition="This term is used to describe those product attributes that are unable to be classified within their specific market; e.g. goat&apos;s cheese - goat&apos;s cheeses is often generically labelled and cannot be further classified."/>
<attValue code="30002518" text="UNIDENTIFIED" definition="This term is used to describe those product attributes that are unidentifiable given existing or available product information."/>
</attType>
</brick>
<brick code="10003459" text="Micrometers" definition="Includes any products that may be described/observed as a precision measuring instrument that is accurate to the nearest .001 of an inch or .01 mm. These products may be digital or analogue. Excludes products such as rulers and tape measures.">
<attType code="20001145" text="Analog/Digital" definition="Indicates, with reference to the product branding, labelling or packaging, the descriptive term that is used by the product manufacturer to identify whether the product is analog or digital.">
<attValue code="30007712" text="ANALOG" definition=""/>
<attValue code="30005480" text="DIGITAL" definition=""/>
<attValue code="30002515" text="UNCLASSIFIED" definition="This term is used to describe those product attributes that are unable to be classified within their specific market; e.g. goat&apos;s cheese - goat&apos;s cheeses is often generically labelled and cannot be further classified."/>
<attValue code="30002518" text="UNIDENTIFIED" definition="This term is used to describe those product attributes that are unidentifiable given existing or available product information."/>
</attType>
</brick>
<brick code="10006776" text="Moisture Meter (Soil)" definition="Includes any products that may be described/observed as a device used to measure the percentage of water in a given substance, typically soil. This information can be used to determine if the material is ready for use, unexpectedly wet or dry, or otherwise in need of further inspection.">
</brick>
<brick code="10003576" text="Pencils/Crayons (DIY)" definition="Includes any products that may be described/observed as a pointed stick or pencil of coloured clay, chalk and wax specifically designed for use by carpenters. Excludes products such as crayons designed for artists&apos; use.">
</brick>
<brick code="10003466" text="Plumb Bobs" definition="Includes any products that may be described/observed as a pointed metal weight with a string used to determine vertical alignment. Excludes products such as spirit levels.">
</brick>
<brick code="10003455" text="Rulers (DIY)" definition="Includes any products that may be described/observed as a measuring instrument consisting of a strip of wood or metal or plastic with a straight edge marked with units of measurement that is used for drawing straight lines and measuring lengths. Excludes products such as rulers used as stationary as well as spirit levels.">
<attType code="20001725" text="If Folding" definition="Indicates, with reference to the product branding, labelling or packaging, the descriptive term that is used by the product manufacturer to identify whether or not the product is foldable.">
<attValue code="30002960" text="NO" definition=""/>
<attValue code="30002518" text="UNIDENTIFIED" definition="This term is used to describe those product attributes that are unidentifiable given existing or available product information."/>
<attValue code="30002654" text="YES" definition=""/>
</attType>
<attType code="20000794" text="Type of Material" definition="Indicates, with reference to the product branding, labelling or packaging, the descriptive term that is used by the product manufacturer to identify the type of material from which the product is made.">
<attValue code="30004052" text="METAL" definition=""/>
<attValue code="30004152" text="PLASTIC" definition="Plastic is a material consisting of any of a wide range of synthetic or semi-synthetic organics that are malleable and can be molded into solid objects of diverse shapes. Plastics are typically organic polymers of high molecular mass, but they often contain other substances. They are usually synthetic, most commonly derived from petrochemicals, but many are partially natural. Plasticity is the general property of all materials that are able to irreversibly deform without breaking, but this occurs to such a degree with this class of moldable polymers that their name is an emphasis on this ability."/>
<attValue code="30002515" text="UNCLASSIFIED" definition="This term is used to describe those product attributes that are unable to be classified within their specific market; e.g. goat&apos;s cheese - goat&apos;s cheeses is often generically labelled and cannot be further classified."/>
<attValue code="30002518" text="UNIDENTIFIED" definition="This term is used to describe those product attributes that are unidentifiable given existing or available product information."/>
<attValue code="30004369" text="WOOD" definition=""/>
</attType>
</brick>
<brick code="10003464" text="Squares (DIY)" definition="Includes any products that may be described/observed as a measuring instrument for achieving exact right angles. Excludes products such as rulers.">
</brick>
<brick code="10003458" text="Tape Measures (DIY)" definition="Includes any products that may be described/observed as a measuring instrument consisting of a narrow strip of cloth or metal marked in inches or centimetres and used for measuring lengths. Includes products with a digital interface. Excludes products such as rulers.">
<attType code="20001145" text="Analog/Digital" definition="Indicates, with reference to the product branding, labelling or packaging, the descriptive term that is used by the product manufacturer to identify whether the product is analog or digital.">
<attValue code="30007712" text="ANALOG" definition=""/>
<attValue code="30005480" text="DIGITAL" definition=""/>
<attValue code="30002515" text="UNCLASSIFIED" definition="This term is used to describe those product attributes that are unable to be classified within their specific market; e.g. goat&apos;s cheese - goat&apos;s cheeses is often generically labelled and cannot be further classified."/>
<attValue code="30002518" text="UNIDENTIFIED" definition="This term is used to describe those product attributes that are unidentifiable given existing or available product information."/>
</attType>
<attType code="20002221" text="If with Case" definition="Indicate, with reference to the product branding, labelling or packaging, the descriptive term that is used by the product manufacturer to identify whether the product has a case to protect it from scratches whilst in use.">
<attValue code="30002960" text="NO" definition=""/>
<attValue code="30002518" text="UNIDENTIFIED" definition="This term is used to describe those product attributes that are unidentifiable given existing or available product information."/>
<attValue code="30002654" text="YES" definition=""/>
</attType>
</brick>
<brick code="10006777" text="Thermal Leak Detector" definition="Includes any products that may be described/observed as a &#160;device which measures heat differences for example, used to detect insulation problems in the house in a simple manner. It detects with an infra-red sensor temperature variations in the surface that you are scanning.">
</brick>
</class>
<class code="80010200" text="Drywall Tools" definition="">
<brick code="10005656" text="Paint Application Accessories" definition="Includes any products that may be described/observed as an item used to enhance the process of Painting. These products are designed to make the process of Painting easier for the user and are additional to the essential supplies required. Includes products such as Paint Pails, Pant Can Openers, Paint Can Shakers, Paint Roller Trays and Paint Stencils. Excludes products such as Paint Applicators - Powered and Paint Applicators - Non Powered as well as Painting Replacement Parts.">
<attType code="20002517" text="Type of Paint Application Accessory" definition="Indicate, with reference to the product branding, labelling or packaging, the descriptive term that is used by the product manufacturer to identify the product used to accessorise the application paint within a consumer environment.">
<attValue code="30012640" text="PAINT BRUSH/ROLLER EXTENSION/TELESCOPIC POLE" definition=""/>
<attValue code="30012641" text="PAINT CAN OPENER" definition=""/>
<attValue code="30012642" text="PAINT CAN SHAKER" definition=""/>
<attValue code="30012683" text="PAINT GUARD" definition=""/>
<attValue code="30012645" text="PAINT MIXER/BLENDER" definition=""/>
<attValue code="30012646" text="PAINT PAIL" definition=""/>
<attValue code="30012684" text="PAINT ROLLER COVER" definition=""/>
<attValue code="30012643" text="PAINT STENCIL" definition=""/>
<attValue code="30012644" text="PAINT TRAYS" definition=""/>
<attValue code="30002515" text="UNCLASSIFIED" definition="This term is used to describe those product attributes that are unable to be classified within their specific market; e.g. goat&apos;s cheese - goat&apos;s cheeses is often generically labelled and cannot be further classified."/>
<attValue code="30002518" text="UNIDENTIFIED" definition="This term is used to describe those product attributes that are unidentifiable given existing or available product information."/>
</attType>
</brick>
<brick code="10005654" text="Paint Applicators - Non Powered" definition="Includes any products that may be described/observed as a non-powered tool specifically designed for the controlled application of paint to a surface, within a household environment. These products take various forms allowing for the most efficient application of paint to a surface. Includes products such as Paint Brushes, Paint Mitts and Paint Pads as well as Paint Corner Tools. Excludes products such as Paint Applicators - Powered and Artists Painting Implements.">
<attType code="20000794" text="Type of Material" definition="Indicates, with reference to the product branding, labelling or packaging, the descriptive term that is used by the product manufacturer to identify the type of material from which the product is made.">
<attValue code="30004052" text="METAL" definition=""/>
<attValue code="30004152" text="PLASTIC" definition="Plastic is a material consisting of any of a wide range of synthetic or semi-synthetic organics that are malleable and can be molded into solid objects of diverse shapes. Plastics are typically organic polymers of high molecular mass, but they often contain other substances. They are usually synthetic, most commonly derived from petrochemicals, but many are partially natural. Plasticity is the general property of all materials that are able to irreversibly deform without breaking, but this occurs to such a degree with this class of moldable polymers that their name is an emphasis on this ability."/>
<attValue code="30002515" text="UNCLASSIFIED" definition="This term is used to describe those product attributes that are unable to be classified within their specific market; e.g. goat&apos;s cheese - goat&apos;s cheeses is often generically labelled and cannot be further classified."/>
<attValue code="30002518" text="UNIDENTIFIED" definition="This term is used to describe those product attributes that are unidentifiable given existing or available product information."/>
<attValue code="30004369" text="WOOD" definition=""/>
</attType>
<attType code="20002520" text="Type of Paint Applicator Non-Powered" definition="Indicate, with reference to the product branding, labelling or packaging, the descriptive term that is used by the product manufacturer to identify the type of non-powered applicator with which to apply household paint.">
<attValue code="30012664" text="PAINT BRUSH" definition=""/>
<attValue code="30012668" text="PAINT CORNER TOOL" definition=""/>
<attValue code="30012667" text="PAINT EDGER" definition=""/>
<attValue code="30012666" text="PAINT MITT" definition=""/>
<attValue code="30012670" text="PAINT PAD" definition=""/>
<attValue code="30012665" text="PAINT ROLLER" definition=""/>
<attValue code="30012669" text="PAINT SPRAYER (NON POWERED)" definition=""/>
<attValue code="30002515" text="UNCLASSIFIED" definition="This term is used to describe those product attributes that are unable to be classified within their specific market; e.g. goat&apos;s cheese - goat&apos;s cheeses is often generically labelled and cannot be further classified."/>
<attValue code="30002518" text="UNIDENTIFIED" definition="This term is used to describe those product attributes that are unidentifiable given existing or available product information."/>
</attType>
</brick>
<brick code="10002481" text="Painting Replacement Parts" definition="Includes any products that may be described/observed as an item designed to enhance the performance or appearance of Painting products through the replacement of a particular part or mechanism. Includes products such as Edger Replacement Pads, Paint Brush/Roller Replacement Handles. Excludes products such as Paint Application Accessories including Paint Pails, Paint Mixers, Paint Trays, Paint Stencils as well as Paint Applicators - Powered and Paint Applicators - Non Powered.">
<attType code="20002518" text="Type of Painting Replacement Part" definition="Indicate, with reference to the product branding, labelling or packaging, the descriptive term that is used by the product manufacturer to identify the type of replacement part essential for the correct functionality of the painting product in question.">
<attValue code="30012647" text="EDGER PAD" definition=""/>
<attValue code="30012650" text="PAINT BRUSH HANDLE" definition=""/>
<attValue code="30012685" text="PAINT ROLLER FRAME" definition=""/>
<attValue code="30012649" text="ROLLER HANDLE" definition=""/>
<attValue code="30002515" text="UNCLASSIFIED" definition="This term is used to describe those product attributes that are unable to be classified within their specific market; e.g. goat&apos;s cheese - goat&apos;s cheeses is often generically labelled and cannot be further classified."/>
<attValue code="30002518" text="UNIDENTIFIED" definition="This term is used to describe those product attributes that are unidentifiable given existing or available product information."/>
</attType>
</brick>
<brick code="10003573" text="Plaster Hawks" definition="Includes any products that may be described/observed as a square board with a handle underneath used to hold or carry plaster. Excludes products such as palettes.">
</brick>
<brick code="10003476" text="Putty/Wallboard Knives" definition="Includes any products that may be described/observed as a flat-bladed instrument designed for spreading putty or other substances. Excludes products such as kitchen knives and artists&apos; knives.">
</brick>
<brick code="10005672" text="Wall/Ceiling Covering Tools - Non Powered" definition="Includes any products that may be described/observed as a non-powered implement specifically used on walls and ceilings, to aid the user in applying or removing a particular covering. Includes products such as Manual Wallpaper Strippers. Excludes products such as Powered Tools as well as Hand-held Tools that are not specifically designed for the specific purpose of wall or ceiling covering manipulation.">
</brick>
</class>
<class code="80010300" text="Masonry/Glass/Tile Tools" definition="">
<brick code="10006258" text="Caulking Guns (Non-Powered)" definition="Includes any products that may be described/observed as a tool for expelling caulk from a tube. A caulking gun enables a &quot;bead&quot; of material to be applied to cracks and seams. Includes any products that may be described/observed as a hand tool specifically designed for treatment of joints in masonry or glass frames by filling them with mortar to improve appearance or protect against weather. Excludes power tools and all other Pointed Tools.">
</brick>
<brick code="10003485" text="Cutters - Glass (Non Powered)" definition="Includes any products that may be described/observed as a tool specifically designed for cutting glass. Excludes products such as tile cutters.">
</brick>
<brick code="10003483" text="Cutters/Nibblers - Tiles (Non Powered)" definition="Includes any products that may be described/observed as a tool specifically designed for cutting ceramic tiles Excludes products such as pipe cutters, bolt cutters as well as sheet metal nibblers.">
</brick>
<brick code="10003594" text="Masonry Trowels" definition="Includes any products that may be described/observed as a pointed hand tool specifically designed for treatment of joints in masonry by filling them with mortar to improve appearance or protect against weather. Excludes products such as display pointers and Caulking Guns.">
</brick>
<brick code="10008117" text="Roller for Smoothing Self-Leveling" definition="Includes any tool that may be described/observed to level self levelling screed. Includes all kind of profile shapes. Excludes products such as Paint Brushes, Paint Mitts and Paint Pads as well as Paint Corner Tools and rollers. Specifically excludes Smoothers/Floats">
</brick>
<brick code="10003547" text="Smoothers/Floats" definition="Includes any products that may be described/observed as a hand tool with a flat face used for smoothing and finishing the surface of plaster or cement or stucco. Excludes products such as Surface Forming Tools.">
</brick>
</class>
<class code="80010400" text="Carrying/Lifting/Climbing Equipment" definition="">
<brick code="10003822" text="Carrying/Lifting/Climbing Equipment Replacement Parts/Accessories" definition="Includes any products that can be described/observed as a replacement part, or an accessory for carrying, lifting or climbing equipment. Excludes complete carrying, lifting and climbing products.">
</brick>
<brick code="10003497" text="Hand Trucks/Dollies" definition="Includes any products that may be described/observed as a handcart that has a frame with two low wheels and a ledge at the bottom, used to move crates or other heavy objects. Excludes products such as Wheelbarrows and Suction Lifters.">
<attType code="20001832" text="Number of Wheels" definition="Indicates with reference to the product branding, labelling or packaging, the descriptive term that is used to identify the number of wheels attached to a product.">
<attValue code="30009204" text="2" definition=""/>
<attValue code="30009205" text="3" definition=""/>
<attValue code="30009206" text="4" definition=""/>
<attValue code="30002515" text="UNCLASSIFIED" definition="This term is used to describe those product attributes that are unable to be classified within their specific market; e.g. goat&apos;s cheese - goat&apos;s cheeses is often generically labelled and cannot be further classified."/>
<attValue code="30002518" text="UNIDENTIFIED" definition="This term is used to describe those product attributes that are unidentifiable given existing or available product information."/>
</attType>
<attType code="20000794" text="Type of Material" definition="Indicates, with reference to the product branding, labelling or packaging, the descriptive term that is used by the product manufacturer to identify the type of material from which the product is made.">
<attValue code="30004052" text="METAL" definition=""/>
<attValue code="30004268" text="STONE" definition=""/>
<attValue code="30002515" text="UNCLASSIFIED" definition="This term is used to describe those product attributes that are unable to be classified within their specific market; e.g. goat&apos;s cheese - goat&apos;s cheeses is often generically labelled and cannot be further classified."/>
<attValue code="30002518" text="UNIDENTIFIED" definition="This term is used to describe those product attributes that are unidentifiable given existing or available product information."/>
<attValue code="30004369" text="WOOD" definition=""/>
</attType>
</brick>
<brick code="10007019" text="Ladder Replacement Parts/Accessories" definition="Includes any products that can be described/observed as a replacement part or an accessory for a ladder.For example a tray that can be attached to the ladder on which material such as a paint bucket can be placed. Other examples are ladder covers, a tool bag, and a utility hook. Excludes parts/accessories not intended for use with a ladder.">
</brick>
<brick code="10003821" text="Ladders" definition="Includes any products that may be described/observed as a vertical set of steps. Ladders consist of two parallel side pieces which are connected by a series of rungs or crosspiece that are used for climbing up and down to gain access to otherwise inaccessible areas. Includes products such as extension ladders as well as step ladders Excludes products such as step stools, platforms and scaffolding.">
<attType code="20002230" text="Type of Ladder" definition="Indicate, with reference to the product branding, labelling or packaging, the descriptive term that is used by the product manufacturer to identify the functionality type of the ladder.">
<attValue code="30011743" text="LADDERS - EXTENSION" definition=""/>
<attValue code="30011746" text="LADDERS - FOLDING" definition=""/>
<attValue code="30019056" text="LADDERS - MULTIPURPOSE" definition=""/>
<attValue code="30019057" text="LADDERS - PLATFORM" definition=""/>
<attValue code="30011745" text="LADDERS - STEP LADDERS" definition=""/>
<attValue code="30011744" text="LADDERS - STRAIGHT" definition=""/>
<attValue code="30019055" text="LADDERS - TELESCOPIC" definition=""/>
<attValue code="30002515" text="UNCLASSIFIED" definition="This term is used to describe those product attributes that are unable to be classified within their specific market; e.g. goat&apos;s cheese - goat&apos;s cheeses is often generically labelled and cannot be further classified."/>
<attValue code="30002518" text="UNIDENTIFIED" definition="This term is used to describe those product attributes that are unidentifiable given existing or available product information."/>
</attType>
</brick>
<brick code="10007956" text="Lifts, Hoists and Jacks" definition="Includes any products that may be described/observed as a product that is used to safely lift, support or move heavy load machines, vaults or any other type of heavy duty loads. Excludes products such as automotive vehicle servicing ramps/lifts, trailer jacks or any other lifting device used in the automotive sector. Specifically excludes Pulley Pullers, Pulleys/Belt Drives, and Suction Lifters.">
</brick>
<brick code="10003473" text="Platforms/Scaffolding" definition="Includes any products that may be described/observed as a temporary structure of metal pipes and wooden planks that provide an elevated platform for both workers and materials during the construction of a building. Excludes products such as platform ladders and step ladders.">
<attType code="20002231" text="Type of Platforms/Scaffolding" definition="Indicate, with reference to the product branding, labelling or packaging, the descriptive term that is used by the product manufacturer to identify whether the product is a fixed raised platform or parts used to create a scaffolding structure.">
<attValue code="30011747" text="PREFABRICATED PLATFORM" definition=""/>
<attValue code="30011748" text="SCAFFOLDING PART" definition=""/>
</attType>
</brick>
<brick code="10006778" text="Pulley Puller (Hand)" definition="Includes any products that may be described/observed as a non-powered tool used to install or remove various mechanical pulleys and similar pressed-on or pressed-in mechanical parts. Although most commonly associated with the removal and installation of automotive pulleys, bearings, and gears, pulley puller tools are used in a variety of industrial and consumer applications. Types of pulley pullers include manual jaw pullers, harmonic pullers, hydraulic pullers, pneumatic pullers, and numerous other pulley puller designs for specific machinery and other applications. Excludes powered Pulley Pullers.">
</brick>
<brick code="10005679" text="Pulleys and Belt Drives" definition="Includes any products that may be described/observed as a device for lifting and lowering weights, consisting of a wheel with a grooved rim over which a rope or belt runs. Excludes products such as Dolleys, Rollers, Wheelbarrows and Suction Lifters and Pulleys that are specifically designed for trekking and mountaineering.">
</brick>
<brick code="10008025" text="Step Stools" definition="Includes any products that may be described/observed as household elevation aids. Step stools consist of one or a series of levels to assist in tasks which are out of reach.&#160; Excludes products such as platforms and scaffolding, ladders, and stools/chairs. Specifically excludes: Ladders (BRICK)">
</brick>
<brick code="10003498" text="Suction Lifters" definition="Includes any products that may be described/observed as a hand tool that creates a partial vacuum, or region of low pressure fixing the tool to the surface of that which is to be transported. This method of carrying, lifting and positioning can be used on such surfaces as marble, glass and other sheet material. Excludes products such as other hand held lifting tools.">
<attType code="20002217" text="Number of Suction Cups" definition="Indicate, with reference to the product branding, labelling or packaging, the descriptive term that is used by the product manufacturer to identify the number of suction pads the suction lifter uses to lift awkward items. The more suction pads the more control the user will have over large, bulky items.">
<attValue code="30011722" text="1 SUCTION CUP" definition=""/>
<attValue code="30011723" text="2 SUCTION CUPS" definition=""/>
<attValue code="30011724" text="3 SUCTION CUPS" definition=""/>
<attValue code="30002515" text="UNCLASSIFIED" definition="This term is used to describe those product attributes that are unable to be classified within their specific market; e.g. goat&apos;s cheese - goat&apos;s cheeses is often generically labelled and cannot be further classified."/>
<attValue code="30002518" text="UNIDENTIFIED" definition="This term is used to describe those product attributes that are unidentifiable given existing or available product information."/>
</attType>
</brick>
<brick code="10003496" text="Wheelbarrows - Non Powered" definition="Includes any products that may be described/observed as a cart for carrying small loads, which has handles and one or more wheels. Excludes products such as trolleys, hand trucks, garden tractors.">
<attType code="20001832" text="Number of Wheels" definition="Indicates with reference to the product branding, labelling or packaging, the descriptive term that is used to identify the number of wheels attached to a product.">
<attValue code="30009203" text="1" definition=""/>
<attValue code="30009204" text="2" definition=""/>
<attValue code="30009205" text="3" definition=""/>
<attValue code="30002515" text="UNCLASSIFIED" definition="This term is used to describe those product attributes that are unable to be classified within their specific market; e.g. goat&apos;s cheese - goat&apos;s cheeses is often generically labelled and cannot be further classified."/>
<attValue code="30002518" text="UNIDENTIFIED" definition="This term is used to describe those product attributes that are unidentifiable given existing or available product information."/>
</attType>
<attType code="20000794" text="Type of Material" definition="Indicates, with reference to the product branding, labelling or packaging, the descriptive term that is used by the product manufacturer to identify the type of material from which the product is made.">
<attValue code="30004052" text="METAL" definition=""/>
<attValue code="30004152" text="PLASTIC" definition="Plastic is a material consisting of any of a wide range of synthetic or semi-synthetic organics that are malleable and can be molded into solid objects of diverse shapes. Plastics are typically organic polymers of high molecular mass, but they often contain other substances. They are usually synthetic, most commonly derived from petrochemicals, but many are partially natural. Plasticity is the general property of all materials that are able to irreversibly deform without breaking, but this occurs to such a degree with this class of moldable polymers that their name is an emphasis on this ability."/>
<attValue code="30002515" text="UNCLASSIFIED" definition="This term is used to describe those product attributes that are unable to be classified within their specific market; e.g. goat&apos;s cheese - goat&apos;s cheeses is often generically labelled and cannot be further classified."/>
<attValue code="30002518" text="UNIDENTIFIED" definition="This term is used to describe those product attributes that are unidentifiable given existing or available product information."/>
<attValue code="30004369" text="WOOD" definition=""/>
</attType>
</brick>
</class>
<class code="80010500" text="Demolition/Removal" definition="">
<brick code="10003499" text="Crowbars/Pry Bars" definition="Includes any products that may be described/observed as a heavy iron lever with one end forged into a wedge designed to widen openings. Excludes products such as chisels.">
</brick>
<brick code="10003495" text="Nail Pullers" definition="Includes any products that may be described/observed as a hand held tool for extracting nails from surfaces. Excludes products such as nail guns.">
</brick>
<brick code="10003563" text="Nut Splitters" definition="Includes any products that may be described/observed as a tool for splitting nuts. Excludes products such as screw extractors.">
</brick>
<brick code="10003562" text="Screw Extractors" definition="Includes any products that may be described/observed as a tool for extracting screws. Excludes products such as nail pullers.">
</brick>
</class>
<class code="80010600" text="Nailers/Staplers/Riveting Tools" definition="">
<brick code="10003504" text="Hammer Tacker - Non Powered" definition="Includes any products that may be described/observed as a hand-held machine used for fastening house wrap, insulation and roofing felt in position. Excludes products such as staplers.">
<attType code="20001709" text="Target Use/Application" definition="Indicates, with reference to the product branding, labelling or packaging, the descriptive term that is used by the product manufacturer to identify the target use and/or application.">
<attValue code="30006032" text="FLOORING" definition=""/>
<attValue code="30011767" text="INSULATION" definition=""/>
<attValue code="30011769" text="MULTI-PURPOSE" definition=""/>
<attValue code="30011768" text="ROOFING" definition=""/>
<attValue code="30002515" text="UNCLASSIFIED" definition="This term is used to describe those product attributes that are unable to be classified within their specific market; e.g. goat&apos;s cheese - goat&apos;s cheeses is often generically labelled and cannot be further classified."/>
<attValue code="30002518" text="UNIDENTIFIED" definition="This term is used to describe those product attributes that are unidentifiable given existing or available product information."/>
</attType>
</brick>
<brick code="10003507" text="Nailing/Stapling/Fixing Tool Replacement Parts/Accessories" definition="Includes any products that may be described/observed as replacement parts for Nailing / Stapling / Fixing Tool products. Excludes products such as complete Nailing / Stapling / Fixing Tool products.">
</brick>
<brick code="10003505" text="Riveting Tools" definition="Includes any products that may be described/observed as a hand-held tool for the fastening of items with permanent metal fasteners, consisting of a smooth metal shaft with a head, which is then hammered flat to hold the item in place. Excludes products such as staple guns.">
</brick>
<brick code="10003502" text="Staple/Nail Gun - Non Powered" definition="Includes any products that may be described/observed as a hand-held machine for driving staples or nails home. Excludes products such as stationery staplers.">
</brick>
</class>
<class code="80010700" text="Screwdrivers" definition="">
<brick code="10003530" text="Screwdriver Sets" definition="Includes any products that may be described/observed as a hand tool for driving screws, which has a tip that fits into the head of a screw, packaged and sold with other screwdriver products, such as alternative tips. Excludes products such as screwdrivers sold alone.">
</brick>
<brick code="10003528" text="Screwdrivers - Non Powered" definition="Includes any products that may be described/observed as a hand tool for driving screws, which has a tip that fits into the head of a screw. These products may have fixed or interchangeable tips. Includes products such as ratcheting multiple tip screwdrivers. Excludes products such as powered screwdrivers.">
<attType code="20002233" text="If Ratcheting" definition="Indicate, with reference to the product branding, labelling or packaging, the descriptive term that is used by the product manufacturer to identify whether the tool is capable of continuous usage without removal to re-adjust.">
<attValue code="30002960" text="NO" definition=""/>
<attValue code="30002518" text="UNIDENTIFIED" definition="This term is used to describe those product attributes that are unidentifiable given existing or available product information."/>
<attValue code="30002654" text="YES" definition=""/>
</attType>
<attType code="20002234" text="Type of Screwdriver/Rotary Tool" definition="Indicate, with reference to the product branding, labelling or packaging, the descriptive term that is used by the product manufacturer to identify the type of screwdriver with reference to its functionality.">
<attValue code="30010673" text="INSULATED" definition=""/>
<attValue code="30011750" text="MULTIPLE TIP" definition=""/>
<attValue code="30012580" text="NON-SPARKING" definition=""/>
<attValue code="30012578" text="PRECISION" definition=""/>
<attValue code="30008337" text="TELESCOPE" definition=""/>
<attValue code="30012579" text="TORQUE" definition=""/>
<attValue code="30002515" text="UNCLASSIFIED" definition="This term is used to describe those product attributes that are unable to be classified within their specific market; e.g. goat&apos;s cheese - goat&apos;s cheeses is often generically labelled and cannot be further classified."/>
<attValue code="30002518" text="UNIDENTIFIED" definition="This term is used to describe those product attributes that are unidentifiable given existing or available product information."/>
</attType>
<attType code="20002497" text="Type of Screwdriver/Rotary Tool Rod/Tip" definition="Indicate, with reference to the product branding, labelling or packaging, the descriptive term that is used by the product manufacturer to identify and describe the functionality of the rod containing the screwdriver tip.">
<attValue code="30011749" text="FIXED TIP" definition=""/>
<attValue code="30012575" text="FLEXIBLE TIP" definition=""/>
<attValue code="30012576" text="INTERCHANGEABLE TIP" definition=""/>
<attValue code="30012577" text="REVERSIBLE TIP (DOUBLE TIP)" definition=""/>
<attValue code="30002515" text="UNCLASSIFIED" definition="This term is used to describe those product attributes that are unable to be classified within their specific market; e.g. goat&apos;s cheese - goat&apos;s cheeses is often generically labelled and cannot be further classified."/>
<attValue code="30002518" text="UNIDENTIFIED" definition="This term is used to describe those product attributes that are unidentifiable given existing or available product information."/>
</attType>
</brick>
<brick code="10003825" text="Screwdrivers Other" definition="Includes any products that can be described/observed as a screwdriver designed for use in home improvement, where the user of the schema is not able to classify the products in existing bricks within the schema. Excludes all currently classified screwdriver bricks, including fixed tip, multiple tip and ratcheting screwdrivers.">
</brick>
<brick code="10003826" text="Screwdrivers Replacement Parts/Accessories" definition="Includes any products that can be described/observed as replacement parts and accessories for Screwdrivers. Excludes products such as replacement parts and accessories for knives and wrench tools.">
</brick>
</class>
<class code="80010800" text="Pliers/Pincers/Metal Cutting Tools" definition="">
<brick code="10003481" text="Bolt/Chain Cutters" definition="Includes any products that may be described/observed as a tool specifically designed for cutting bolts. Excludes products such as pipe cutters, wire cutters.">
</brick>
<brick code="10003479" text="Combination Cutting Tools (Non Powered)" definition="Includes any products that may be described/observed as an edge tool used as a cutting instrument which combines the ability to perform multiple functions. Excludes products such as all single-purpose cutting tools.">
</brick>
<brick code="10006781" text="Forceps (DIY)" definition="Includes any products that may be described/observed as a handheld, hinged instrument used for holding and grasping objects. Forceps are used when fingers are too large to grasp small objects or when object(s) need to be held at one time while the hands are used to perform a task.Excluses surgical forceps and thumb forceps.">
</brick>
<brick code="10006780" text="Plier Set" definition="Includes any products that may be described/observed as a gripping hand tool with two hinged arms and (usually) serrated jaws, packaged and sold with other plier products.">
</brick>
<brick code="10003532" text="Pliers/Pincers/Grabbers" definition="Includes any products that may be described/observed as a gripping hand tool with two hinged arms and (usually) serrated jaws that multiplies the strength of a user&apos;s hand or their reach. &#160;Includes extension tools. Excludes products such as scissors and clamps.">
<attType code="20002940" text="Type of Plier/Pincer/Grabber" definition="">
<attValue code="30016355" text="CRIMPING PLIER" definition=""/>
<attValue code="30016353" text="CUTTING PLIER" definition=""/>
<attValue code="30016358" text="EXTENTION GRABBER" definition=""/>
<attValue code="30016350" text="FLAT NOSE PLIER" definition=""/>
<attValue code="30016351" text="LINESMAN PLIER" definition=""/>
<attValue code="30016356" text="OTHER PLIER" definition=""/>
<attValue code="30016357" text="PINCER" definition=""/>
<attValue code="30016354" text="STRIP PLIER" definition=""/>
<attValue code="30016352" text="TONGUE AND GROOVE PLIER" definition=""/>
<attValue code="30002515" text="UNCLASSIFIED" definition="This term is used to describe those product attributes that are unable to be classified within their specific market; e.g. goat&apos;s cheese - goat&apos;s cheeses is often generically labelled and cannot be further classified."/>
<attValue code="30002518" text="UNIDENTIFIED" definition="This term is used to describe those product attributes that are unidentifiable given existing or available product information."/>
</attType>
</brick>
<brick code="10003486" text="Snips/Shears/Nibblers - Sheet Metal (Non Powered)" definition="Includes any products that may be described/observed as a tool consisting of hinged blades specifically designed for cutting sheet metal. Excludes products such as garden shears, scissors as well as pipe or tube cutters.">
</brick>
<brick code="10003482" text="Wire Cutters" definition="Includes any products that may be described/observed as a tool specifically designed for cutting wires. Excludes products such as pipe cutters, bolt cutters and scissors.">
</brick>
</class>
<class code="80010900" text="Vises/Clamps" definition="">
<brick code="10003535" text="Clamps" definition="Includes any products that may be described/observed as a versatile tool that serves as a temporary device for holding work securely in place. Used for many applications including carpentry, woodworking, furniture making, welding, construction, and metalworking. Excludes products such as Vises.">
<attType code="20002020" text="Type of Clamp" definition="Indicates, with reference to the product branding, labelling or packaging, the descriptive term that is used by the product manufacturer to identify the design of the clamp.">
<attValue code="30010792" text="ADJUSTABLE CLAMP" definition=""/>
<attValue code="30010793" text="BAR CLAMP" definition=""/>
<attValue code="30011227" text="C CLAMP" definition=""/>
<attValue code="30010795" text="JORGENSEN CLAMP" definition=""/>
<attValue code="30010794" text="SPRING CLAMP" definition=""/>
<attValue code="30002515" text="UNCLASSIFIED" definition="This term is used to describe those product attributes that are unable to be classified within their specific market; e.g. goat&apos;s cheese - goat&apos;s cheeses is often generically labelled and cannot be further classified."/>
<attValue code="30002518" text="UNIDENTIFIED" definition="This term is used to describe those product attributes that are unidentifiable given existing or available product information."/>
</attType>
</brick>
<brick code="10003536" text="Vises" definition="Includes any products that may be described/observed as a clamping device usually consisting of two jaws closed or opened by a screw or lever. Excludes products such as clamps.">
<attType code="20002019" text="Target Material of Vise" definition="Indicates, with reference to the product branding, labelling or packaging, the descriptive term that is used by the product manufacturer to identify the material intended for use within the grips of the vise.">
<attValue code="30004052" text="METAL" definition=""/>
<attValue code="30002515" text="UNCLASSIFIED" definition="This term is used to describe those product attributes that are unable to be classified within their specific market; e.g. goat&apos;s cheese - goat&apos;s cheeses is often generically labelled and cannot be further classified."/>
<attValue code="30002518" text="UNIDENTIFIED" definition="This term is used to describe those product attributes that are unidentifiable given existing or available product information."/>
<attValue code="30004369" text="WOOD" definition=""/>
</attType>
</brick>
<brick code="10003537" text="Vises/Clamps Replacement Parts/Accessories" definition="Includes any products that may be described/observed as replacement part or accessory for Clamps or Vises. Excludes products such as complete Clamps and Vises.">
</brick>
</class>
<class code="80011000" text="Grinders/Sharpeners/Scrapers" definition="">
<brick code="10003538" text="Grinders (Non Powered)" definition="Includes any products that may be described/observed as a machine that processes materials by grinding or crushing. Excludes products such as powered grinders or sharpeners.">
</brick>
<brick code="10003539" text="Honing Guides" definition="Includes any products that may be described/observed as a tool to guide a honing process. Excludes products such as grinders.">
</brick>
<brick code="10003543" text="Scrapers" definition="Includes any products that may be described/observed as a hand-tool for scraping surfaces. Excludes products such as planes.">
</brick>
<brick code="10003540" text="Tool Sharpeners (Non Powered)" definition="Includes any products that may be described/observed as a tool to make an edge sharper. Excludes products such as stationery sharpeners.">
</brick>
</class>
<class code="80011100" text="Drills - Non Powered" definition="">
<brick code="10003542" text="Drilling Replacement Parts/Accessories" definition="Includes any products that may be described/observed as replacement parts for Drilling products. Includes products such as replacement drill bits. Excludes products such as complete Drilling products.">
</brick>
<brick code="10003541" text="Drills - Non Powered" definition="Includes any products that may be described/observed as a non-powered tool with a sharp point and cutting edges for making holes in wood and metal materials by rapid rotation. Includes products such as brace and bits as well as metal working drills. Excludes products such as powered drills and tappers.">
<attType code="20000467" text="Material of Target Surface" definition="Indicates, with reference to the product branding, labelling or packaging, the descriptive term that is used by the product manufacturer to identify the material of the surface on which the product should be used.">
<attValue code="30004052" text="METAL" definition=""/>
<attValue code="30004268" text="STONE" definition=""/>
<attValue code="30002515" text="UNCLASSIFIED" definition="This term is used to describe those product attributes that are unable to be classified within their specific market; e.g. goat&apos;s cheese - goat&apos;s cheeses is often generically labelled and cannot be further classified."/>
<attValue code="30002518" text="UNIDENTIFIED" definition="This term is used to describe those product attributes that are unidentifiable given existing or available product information."/>
<attValue code="30004369" text="WOOD" definition=""/>
</attType>
</brick>
</class>
<class code="80011300" text="Awls/Punches/Nailsets" definition="">
<brick code="10003490" text="Awls" definition="Includes any products that may be described/observed as a small pointed hand tool used for piercing holes in leather, wood, and other materials. Excludes products such as punches.">
<attType code="20002229" text="Type of Blade" definition="Indicate, with reference to the product branding, labelling or packaging, the descriptive term that is used by the product manufacturer to identify the identifying characteristic of the tool blade.">
<attValue code="30011741" text="ROUNDED BLADE" definition=""/>
<attValue code="30011740" text="SQUARED BLADE" definition=""/>
<attValue code="30002515" text="UNCLASSIFIED" definition="This term is used to describe those product attributes that are unable to be classified within their specific market; e.g. goat&apos;s cheese - goat&apos;s cheeses is often generically labelled and cannot be further classified."/>
<attValue code="30002518" text="UNIDENTIFIED" definition="This term is used to describe those product attributes that are unidentifiable given existing or available product information."/>
</attType>
</brick>
<brick code="10003778" text="Awls/Punches/Nailsets Variety Packs" definition="Includes any products than can be described/observed as two or more distinct Awls Punches or Nailsets sold together, which exist within the schema belonging to different bricks but to the same class, that is two or more products contained within the same pack which cross bricks within the Awls / Punches / Nailsets class. Includes products such as Awls and Punches sold together. Items that are received free with purchases should be removed from the classification decision-making process. Excludes products such as Hammer and Nailset variety packs.">
</brick>
<brick code="10003489" text="Nailsets/Countersinks" definition="Includes any products that may be described/observed as a small shaft of metal, a few inches long, with one end round or square and one tapered to a point. The tapered point is usually blunt, but on some models is concave, or cupped, to hold nail heads. Includes products such as countersinks 1/32 inch. Excludes products such as centre punches and awls.">
</brick>
<brick code="10003487" text="Punches" definition="Includes any products that may be described/observed as a tool made of hardened steel used to decorate, texture and form metal as well as punch clean holes through a surface. Excludes products such as stationery hole punches and awls.">
</brick>
</class>
<class code="80011400" text="Knives - Non Powered" definition="">
<brick code="10003824" text="Knife Blades - Non Powered (Hobby/Utility)" definition="Includes any products that can be described/observed as a separate blade for a knife used in relation to home improvement. The blade will be specific to the material it is intended to cut and the type of knife to which it will be attached. Includes products such as hobby knife blades. Excludes products such as blades for kitchen knives and hand saws as well as any powered cutting implement.">
</brick>
<brick code="10003492" text="Knives - Non Powered (Hobby/Utility)" definition="Includes any products that may be described/observed as a tool with a blade, sometimes disposable, that is used in various trades and crafts for a variety of purposes. Includes products such as carpet trimmers and knives used to cut vinyl sheets and vinyl tiles. Excludes products such as putty knives and kitchen knives.">
<attType code="20002227" text="If with Retractable Blade" definition="Indicate, with reference to the product branding, labelling or packaging, the descriptive term that is used by the product manufacturer to identify whether the product has a blade that can be retracted for safety purposes.">
<attValue code="30002960" text="NO" definition=""/>
<attValue code="30002518" text="UNIDENTIFIED" definition="This term is used to describe those product attributes that are unidentifiable given existing or available product information."/>
<attValue code="30002654" text="YES" definition=""/>
</attType>
<attType code="20002228" text="Multi-position Knife Blade" definition="Indicate, with reference to the product branding, labelling or packaging, the descriptive term that is used by the product manufacturer to identify whether the blade of the knife can be fixed in a variety of positions to aid cutting.">
<attValue code="30002960" text="NO" definition=""/>
<attValue code="30002518" text="UNIDENTIFIED" definition="This term is used to describe those product attributes that are unidentifiable given existing or available product information."/>
<attValue code="30002654" text="YES" definition=""/>
</attType>
</brick>
<brick code="10003823" text="Knives - Non Powered Replacement Parts/Accessories" definition="Includes any products that can be described/observed as replacement parts and accessories for knives used for the purpose of home improvement. Excludes products such as complete hobby/utility knives.">
</brick>
</class>
<class code="80011500" text="Chisels/Gouges" definition="">
<brick code="10003488" text="Chisels" definition="Includes any products that may be described/observed as a hand tool used for carving and/or cutting a hard material such as wood or stone or metal. A Chisel is typically made of hardened or tempered steel. A Chisel consists of a sharpened end (called the blade) attached to a straight handle. The handle and blade of some types of chisels are made in one piece. Includes products such as Masonry Chisels and Wood Chisels. Excludes products such as Gouges.">
<attType code="20002011" text="Type of Chisel" definition="Indicates, with reference to the product branding, labelling or packaging, the descriptive term that is used by the product manufacturer to identify the trade application and therefore the material surface the chisel is deigned to be used upon.">
<attValue code="30017133" text="MASONRY WORK" definition=""/>
<attValue code="30017134" text="METAL WORK" definition=""/>
<attValue code="30002515" text="UNCLASSIFIED" definition="This term is used to describe those product attributes that are unable to be classified within their specific market; e.g. goat&apos;s cheese - goat&apos;s cheeses is often generically labelled and cannot be further classified."/>
<attValue code="30002518" text="UNIDENTIFIED" definition="This term is used to describe those product attributes that are unidentifiable given existing or available product information."/>
<attValue code="30017135" text="WOOD WORK" definition=""/>
</attType>
</brick>
<brick code="10003787" text="Chisels/Gouges Variety Packs" definition="Includes any products than can be described/observed as two or more distinct Chisels or Gouges sold together, which exist within the schema belonging to different bricks but to the same class, that is two or more products contained within the same pack which cross bricks within the Chisels / Gouges class. Includes products such as Chisels and Gouges sold together. Items that are received free with purchases should be removed from the classification decision-making process. Excludes products such as Files and Chisels variety packs.">
</brick>
<brick code="10003491" text="Gouges" definition="Includes any products that may be described/observed as a chisel type cutting implement having a long, curved blade; used for hollowing out wood, or for making holes, channels, or grooves in wood. Excludes products such as awls, punches.">
</brick>
</class>
<class code="80011600" text="Hammers/Mallets/Hatchets/Anvils" definition="">
<brick code="10003552" text="Anvils (DIY)" definition="Includes any products that may be described/observed as a heavy block of iron or steel on which hot metals are shaped by hammering. Excludes products such as benches and saw horses.">
</brick>
<brick code="10003500" text="Hammers (DIY)" definition="Includes any products that may be described/observed as a hand tool meant to deliver blows to a target, causing it to move or deform. The most common uses are for driving nails, fitting parts, and breaking up objects. Hammers are often designed for a specific purpose, and so their design varies quite a lot. Usual features are a handle and a head, with the balance firmly in the head. The head is composed of a flat, striking surface on one end, and a peen on the other. The peen can be shaped like a claw or wedge to pull nails, or like a ball as in the ball-peen hammer. Specifically excludes mallets. Excludes products such as hatchets and anvils.">
<attType code="20002013" text="Head Configuration" definition="Indicates, with reference to the product branding, labelling or packaging, the descriptive term that is used by the product manufacturer to identify the set-up of the hammer head.">
<attValue code="30010777" text="BALL PEIN" definition=""/>
<attValue code="30008394" text="CLAW" definition=""/>
<attValue code="30010779" text="CROSS PEIN" definition=""/>
<attValue code="30010780" text="SLEDGEHAMMER" definition=""/>
<attValue code="30010776" text="TACK" definition=""/>
<attValue code="30002515" text="UNCLASSIFIED" definition="This term is used to describe those product attributes that are unable to be classified within their specific market; e.g. goat&apos;s cheese - goat&apos;s cheeses is often generically labelled and cannot be further classified."/>
<attValue code="30002518" text="UNIDENTIFIED" definition="This term is used to describe those product attributes that are unidentifiable given existing or available product information."/>
</attType>
<attType code="20002014" text="Trade Application" definition="Indicates, with reference to the product branding, labelling or packaging, the descriptive term that is used by the product manufacturer to identify the trade for which the hammer is designed.">
<attValue code="30010783" text="BRICK LAYERS" definition=""/>
<attValue code="30011770" text="CARPENTERS" definition=""/>
<attValue code="30010781" text="FARRIERS" definition=""/>
<attValue code="30010778" text="JEWELLERS" definition=""/>
<attValue code="30010782" text="MACHINIST" definition=""/>
<attValue code="30010784" text="SCUTCHING" definition=""/>
<attValue code="30002515" text="UNCLASSIFIED" definition="This term is used to describe those product attributes that are unable to be classified within their specific market; e.g. goat&apos;s cheese - goat&apos;s cheeses is often generically labelled and cannot be further classified."/>
<attValue code="30002518" text="UNIDENTIFIED" definition="This term is used to describe those product attributes that are unidentifiable given existing or available product information."/>
<attValue code="30010785" text="WELDERS" definition=""/>
</attType>
</brick>
<brick code="10003501" text="Hammers/Mallets/Hatches Replacement Parts/Accessories" definition="Includes any products that may be described/observed as a replacement part, or accessory, for hammers, mallets or hatchets Excludes products such as complete hammers, hatchets or mallets.">
</brick>
<brick code="10003791" text="Hammers/Mallets/Hatchets Variety Packs (DIY)" definition="Includes any products than can be described/observed as two or more distinct Hammers, Mallets or Hatchets sold together, which exist within the schema belonging to different bricks but to the same class, that is two or more products contained within the same pack which cross bricks within the Hammers / Mallets / Hatchets class. Includes products such as Hammers and Mallets sold together. Items that are received free with purchases should be removed from the classification decision-making process. Excludes products such as Hammers and Punches variety packs.">
</brick>
<brick code="10003789" text="Hatchets (DIY)" definition="Includes any products that may be described/observed as a tool with a metal blade that is securely fastened at a 90 degree angle to a short-handle. This single-bitted axe is designed for use by one hand and is typically used for cutting through the grain of wood or removing branches from a piece of wood, though a specially-designed hatchet is a common tool in the construction of roofs. Excludes products such as hammers and mallets.">
</brick>
<brick code="10003788" text="Mallets (DIY)" definition="Includes any products that may be described/observed as a tool similar in form to that of a hammer but with heads made of softer materials than the steel normally used in a hammerhead so as to avoid damaging a delicate surface. Some common mallet head materials include rubber, wood, rawhide and plastic. Includes products such as split head (interchangeable head material) and dead blow mallets. Excludes products such as hatchets and anvils. Specifically excludes hammers.">
<attType code="20002013" text="Head Configuration" definition="Indicates, with reference to the product branding, labelling or packaging, the descriptive term that is used by the product manufacturer to identify the set-up of the hammer head.">
<attValue code="30009343" text="ROUND" definition=""/>
<attValue code="30010790" text="SPLIT HEAD" definition=""/>
<attValue code="30009344" text="SQUARE" definition=""/>
<attValue code="30002515" text="UNCLASSIFIED" definition="This term is used to describe those product attributes that are unable to be classified within their specific market; e.g. goat&apos;s cheese - goat&apos;s cheeses is often generically labelled and cannot be further classified."/>
<attValue code="30002518" text="UNIDENTIFIED" definition="This term is used to describe those product attributes that are unidentifiable given existing or available product information."/>
</attType>
<attType code="20002015" text="Head Material" definition="Indicates, with reference to the product branding, labelling or packaging, the descriptive term that is used by the product manufacturer to identify the material of the hammer head.">
<attValue code="30010368" text="COPPER" definition=""/>
<attValue code="30004006" text="LEATHER" definition="Leather is a durable and flexible material created by tanning animal rawhide and skin, often cattle hide."/>
<attValue code="30004152" text="PLASTIC" definition="Plastic is a material consisting of any of a wide range of synthetic or semi-synthetic organics that are malleable and can be molded into solid objects of diverse shapes. Plastics are typically organic polymers of high molecular mass, but they often contain other substances. They are usually synthetic, most commonly derived from petrochemicals, but many are partially natural. Plasticity is the general property of all materials that are able to irreversibly deform without breaking, but this occurs to such a degree with this class of moldable polymers that their name is an emphasis on this ability."/>
<attValue code="30010789" text="RAWHIDE" definition=""/>
<attValue code="30004201" text="RUBBER" definition=""/>
<attValue code="30002515" text="UNCLASSIFIED" definition="This term is used to describe those product attributes that are unable to be classified within their specific market; e.g. goat&apos;s cheese - goat&apos;s cheeses is often generically labelled and cannot be further classified."/>
<attValue code="30002518" text="UNIDENTIFIED" definition="This term is used to describe those product attributes that are unidentifiable given existing or available product information."/>
<attValue code="30004369" text="WOOD" definition=""/>
</attType>
</brick>
</class>
<class code="80011700" text="Wrenches/Spanners/Keys" definition="">
<brick code="10003827" text="Hex Keys" definition="Includes any products that can be described/observed as a tool used to drive screws and bolts, which have a hexagonal socket in the head. Excludes products such as wrenches and spanners.">
</brick>
<brick code="10005252" text="Socket Sets" definition="Includes any products that can be described/observed as a set of metal tools of different sizes, which fix onto one handle and are used to fasten and unfasten nuts on pieces of equipment. Includes products such as 10 and 12 piece socket sets. Excludes products such as hex keys and wrenches.">
</brick>
<brick code="10003797" text="Wrenches - Ratchet Extensions/Handles" definition="Includes any products that can be described/observed as extensions to the existing wrench handles to allow greater leverage or a better grip with which to hold the tool in position. Excludes replacement parts and accessories for wrenches and complete wrench tools.">
</brick>
<brick code="10003508" text="Wrenches/Spanners" definition="Includes any products that may be described/observed as a hand tool that is used to hold or twist a nut or bolt to secure or loosen a fastening. Excludes products such as screwdrivers.">
<attType code="20002074" text="Type of Wrench/Spanner" definition="Indicates, with reference to the product branding, labelling or packaging, the descriptive term that is used by the product manufacturer to identify the shape or common name associated with the use of the wrench/spanner.">
<attValue code="30010797" text="BASIN WRENCH" definition=""/>
<attValue code="30010806" text="BOX END WRENCH" definition=""/>
<attValue code="30010807" text="COMBINATION WRENCH" definition=""/>
<attValue code="30010799" text="DRUM WRENCH" definition=""/>
<attValue code="30010801" text="FLARE WRENCH" definition=""/>
<attValue code="30010802" text="HEX WRENCH" definition=""/>
<attValue code="30010803" text="NUT DRIVER/WRENCH" definition=""/>
<attValue code="30010804" text="OIL FILTER WRENCH" definition=""/>
<attValue code="30010805" text="OPEN END WRENCH" definition=""/>
<attValue code="30011228" text="PIPE/ADJUSTABLE WRENCH" definition=""/>
<attValue code="30010800" text="PLUG WRENCH" definition=""/>
<attValue code="30010808" text="SOCKET WRENCH" definition=""/>
<attValue code="30010809" text="SPARK PLUG WRENCH" definition=""/>
<attValue code="30010810" text="STRAP WRENCH" definition=""/>
<attValue code="30010811" text="TORQUE WRENCH" definition=""/>
<attValue code="30010798" text="TRAP WRENCH" definition="This term is used to describe those products that are specifically used with plumbing traps."/>
<attValue code="30002515" text="UNCLASSIFIED" definition="This term is used to describe those product attributes that are unable to be classified within their specific market; e.g. goat&apos;s cheese - goat&apos;s cheeses is often generically labelled and cannot be further classified."/>
<attValue code="30002518" text="UNIDENTIFIED" definition="This term is used to describe those product attributes that are unidentifiable given existing or available product information."/>
</attType>
</brick>
<brick code="10003796" text="Wrenches/Spanners Sets" definition="Includes any products that may be described/observed as a hand tool used to twist a nut or bolt, which is packaged and sold as a set of similar products. This would include products from the same brick sold together in a single packaging such as a set of wrenches. Excludes products such as screwdrivers sold alone.">
</brick>
<brick code="10003527" text="Wrenches/Spanners/Keys Replacement Parts/Accessories" definition="Includes any products that may be described/observed as an accessory or replacement part for a Wrench or Spanner. Includes products such as socket wrench drivers and socket wrench adapters. Excludes products such as complete Spanners or Wrenches.">
</brick>
<brick code="10003795" text="Wrenches/Spanners/Keys Variety Packs" definition="Includes any products than can be described/observed as two or more distinct Wrench / Spanner products sold together, which exist within the schema belonging to different bricks but to the same class, that is two or more products contained within the same pack which cross bricks within the Wrenches / Spanners class. Includes products such as Wrenches and Extensions sold together. Items that are received free with purchases should be removed from the classification decision-making process. Excludes products such as Wrench and Screwdriver variety packs.">
</brick>
</class>
<class code="80011800" text="Saws - Non Powered" definition="">
<brick code="10003800" text="Blades - Saw - Non Powered" definition="Includes any products that can be described/observed as a separate blade for a hand saw. The blade will be specific to the material it is intended to cut and the type of saw to which it will be attached. Includes products such as hacksaw blades and coping saw blades. Excludes products such as blades for kitchen knives and hobby knives.">
<attType code="20000467" text="Material of Target Surface" definition="Indicates, with reference to the product branding, labelling or packaging, the descriptive term that is used by the product manufacturer to identify the material of the surface on which the product should be used.">
<attValue code="30000720" text="COMBINATION" definition=""/>
<attValue code="30010636" text="MASONRY" definition=""/>
<attValue code="30004052" text="METAL" definition=""/>
<attValue code="30002515" text="UNCLASSIFIED" definition="This term is used to describe those product attributes that are unable to be classified within their specific market; e.g. goat&apos;s cheese - goat&apos;s cheeses is often generically labelled and cannot be further classified."/>
<attValue code="30002518" text="UNIDENTIFIED" definition="This term is used to describe those product attributes that are unidentifiable given existing or available product information."/>
<attValue code="30004369" text="WOOD" definition=""/>
</attType>
</brick>
<brick code="10003801" text="Saws - Hand - Replacement Parts/Accessories" definition="Includes any products that can be described/observed as a replacement part, or an accessory for Hand Saws. Includes products such as handle grips for hand saws and mitre boxes. Excludes products such as hand saw blades and hammer handle grips.">
<attType code="20001523" text="Type of Replacement Part/Accessory" definition="Indicates with reference to the product branding, labelling or packaging, the descriptive term that is used by the manufacturer to identify the type of replacement part/accessory.">
<attValue code="30011803" text="MITRE BOX" definition=""/>
<attValue code="30013325" text="SAW HANDLE GRIP" definition=""/>
<attValue code="30002515" text="UNCLASSIFIED" definition="This term is used to describe those product attributes that are unable to be classified within their specific market; e.g. goat&apos;s cheese - goat&apos;s cheeses is often generically labelled and cannot be further classified."/>
<attValue code="30002518" text="UNIDENTIFIED" definition="This term is used to describe those product attributes that are unidentifiable given existing or available product information."/>
</attType>
</brick>
<brick code="10003799" text="Saws - Non Powered" definition="Includes any products that can be described/observed as a manual tool usually used to cut through metal or wooden objects. The blade of the hand saw will contain a series of sharp points and will be made from a metal that is generally harder then the material being cut. Includes products such as woodworking and metalworking hand saws. Excludes products such as hand saw blades and retractable knives.">
<attType code="20002024" text="Target Material of Saw - Non Powered" definition="Indicates, with reference to the product branding, labelling or packaging, the descriptive term that is used by the product manufacturer to identify the material upon which the hand saw should be applied.">
<attValue code="30010636" text="MASONRY" definition=""/>
<attValue code="30004052" text="METAL" definition=""/>
<attValue code="30011769" text="MULTI-PURPOSE" definition=""/>
<attValue code="30002515" text="UNCLASSIFIED" definition="This term is used to describe those product attributes that are unable to be classified within their specific market; e.g. goat&apos;s cheese - goat&apos;s cheeses is often generically labelled and cannot be further classified."/>
<attValue code="30002518" text="UNIDENTIFIED" definition="This term is used to describe those product attributes that are unidentifiable given existing or available product information."/>
<attValue code="30004369" text="WOOD" definition=""/>
</attType>
<attType code="20002253" text="Type of Saw - Non Powered" definition="Indicate, with reference to the product branding, labelling or packaging, the descriptive term that is used by the product manufacturer to identify the common name associated with the saws common purpose.">
<attValue code="30010183" text="BOW SAW" definition=""/>
<attValue code="30011800" text="COPING/FRET SAW" definition=""/>
<attValue code="30011801" text="HACK SAW" definition=""/>
<attValue code="30011802" text="MINI SAW" definition=""/>
<attValue code="30011804" text="TENON SAW" definition=""/>
<attValue code="30002515" text="UNCLASSIFIED" definition="This term is used to describe those product attributes that are unable to be classified within their specific market; e.g. goat&apos;s cheese - goat&apos;s cheeses is often generically labelled and cannot be further classified."/>
<attValue code="30002518" text="UNIDENTIFIED" definition="This term is used to describe those product attributes that are unidentifiable given existing or available product information."/>
</attType>
</brick>
</class>
<class code="80011900" text="Planes/Shapers/Files/Rasps" definition="">
<brick code="10003533" text="Files" definition="Includes any products that may be described/observed as a steel hand tool with small sharp teeth on some or all of its surfaces used for smoothing wood or metal. Excludes products such as abrasives and planes.">
<attType code="20001733" text="If With Handle" definition="Indicates, with reference to the product branding, labelling or packaging, the descriptive term that is used by the product manufacturer to identify whether or not the product has a handle to facilitate being moved or lifted.">
<attValue code="30002960" text="NO" definition=""/>
<attValue code="30002518" text="UNIDENTIFIED" definition="This term is used to describe those product attributes that are unidentifiable given existing or available product information."/>
<attValue code="30002654" text="YES" definition=""/>
</attType>
<attType code="20002026" text="Shape" definition="Indicates, with reference to the product branding, labelling or packaging, the descriptive term that is used by the product manufacturer to identify the form of the product.">
<attValue code="30005657" text="FLAT" definition=""/>
<attValue code="30010820" text="LAYERED" definition=""/>
<attValue code="30009343" text="ROUND" definition=""/>
<attValue code="30010819" text="TRIANGULAR" definition=""/>
<attValue code="30002515" text="UNCLASSIFIED" definition="This term is used to describe those product attributes that are unable to be classified within their specific market; e.g. goat&apos;s cheese - goat&apos;s cheeses is often generically labelled and cannot be further classified."/>
<attValue code="30002518" text="UNIDENTIFIED" definition="This term is used to describe those product attributes that are unidentifiable given existing or available product information."/>
</attType>
<attType code="20002025" text="Type of File" definition="Indicates, with reference to the product branding, labelling or packaging, the descriptive term that is used by the product manufacturer to identify the type of file edge surface.">
<attValue code="30010816" text="BASTARD" definition=""/>
<attValue code="30000720" text="COMBINATION" definition=""/>
<attValue code="30010817" text="NIL" definition=""/>
<attValue code="30002515" text="UNCLASSIFIED" definition="This term is used to describe those product attributes that are unable to be classified within their specific market; e.g. goat&apos;s cheese - goat&apos;s cheeses is often generically labelled and cannot be further classified."/>
<attValue code="30002518" text="UNIDENTIFIED" definition="This term is used to describe those product attributes that are unidentifiable given existing or available product information."/>
</attType>
</brick>
<brick code="10003544" text="Planes" definition="Includes any products that may be described/observed as a carpenter&apos;s hand tool with an adjustable blade for smoothing or shaping wood. Excludes products such as abrasives, files and rasps.">
<attType code="20002028" text="If With Adjustable Handle" definition="Indicates, with reference to the product branding, labelling or packaging, the descriptive term that is used by the product manufacturer to identify whether or not the product is complete with an adjustable handle.">
<attValue code="30002960" text="NO" definition=""/>
<attValue code="30002518" text="UNIDENTIFIED" definition="This term is used to describe those product attributes that are unidentifiable given existing or available product information."/>
<attValue code="30002654" text="YES" definition=""/>
</attType>
</brick>
<brick code="10003807" text="Planes/Shapers/Files/Rasps Variety Packs" definition="Includes any products than can be described/observed as two or more distinct Filing, Shaping, Planing or Rasping Tools sold together, which exist within the schema belonging to different bricks but to the same class, that is two or more products contained within the same pack which cross bricks within the Planes, Shapers, Files and Rasps class. Includes products such as Planes and Rasps sold together. Items that are received free with purchases should be removed from the classification decision-making process. Excludes products such as Chisels and Files variety packs.">
</brick>
<brick code="10003534" text="Rasps" definition="Includes any products that may be described/observed as a coarse form of file with sharp individually raised teeth, used to remove wood rapidly. Excludes products such as files, planes and abrasives.">
</brick>
<brick code="10003546" text="Surface Forming Tool Consumables" definition="Includes any products that may be described/observed as a consumable product used in the process of surface forming. Excludes products such as surface forming tools.">
</brick>
<brick code="10003545" text="Surface Forming Tools" definition="Includes any products that may be described/observed as a hand-held rasp-like tool used to shave 1/8 inch or less from drywall edges. Excludes products such as planes, scrapers and rasps.">
</brick>
</class>
<class code="80012000" text="Pipe/Tube Tools" definition="">
<brick code="10003564" text="Drain Augers - Non Powered" definition="Includes any products that may be described/observed as a flexible metal cable used to clean out drains by fishing the cable into the drain and breaking up the blockages manually. Excludes products such as powered drain augers.">
</brick>
<brick code="10003549" text="Flaring Tools" definition="Includes any products that may be described/observed as a hand tool for the controlled burn-off of gas. Excludes products such as incinerators.">
</brick>
<brick code="10005658" text="Pipe Freezing Tools" definition="Includes any products that may be described/observed as either a system or kit used to retain water in one area of a pipe while repair works are carried out. The Freezing Tools utilise the power of either carbon-dioxide or ice to withstand the pressure built up by the water within the pipes. Includes products such as Manual Pipe Freezing Kits, Manual Pipe Freezing Systems and Pipe Freezing Refill Tubes. Excludes products such as Pipe Bending Tools, Pipe Threaders, Pipe Cutters and Drain Augers.">
</brick>
<brick code="10003642" text="Pipe Threaders - Non Powered" definition="Includes any products that may be described/observed as a cutting tool used to form pitched grooves at the end of a pipe or tube to enable the work piece to join to a fitting with matching threads. Excludes products such as powered pipe threaders and pipe cutters.">
</brick>
<brick code="10003480" text="Pipe/Tube Cutters - Non Powered" definition="Includes any products that may be described/observed as a bladed tool specifically designed for cutting pipes or tubing. Excludes products such as knives, saws and bolt cutters.">
</brick>
<brick code="10003548" text="Tubing Benders" definition="Includes any products that may be described/observed as a tool for bending tubing. Excludes products such as tubing.">
</brick>
</class>
<class code="80012200" text="Threading Taps/Dies - Non Powered" definition="">
<brick code="10003550" text="Dies (Non Powered)" definition="Includes any products that may be described/observed as a device used for cutting external screw threads on screws and bolts. Excludes products such as engraving tools.">
</brick>
<brick code="10003551" text="Tap/Die Sets" definition="Includes any products that may be described/observed as tools for cutting internal screw threads sold with tools for cutting external screw threads. Excludes products such as taps or dies sold alone.">
</brick>
<brick code="10003808" text="Taps (Non Powered)" definition="Includes any products that may be described/observed as a tool used to create the threaded hole to accommodate a bolt or similar device. Taps are available in 2, 3 or 4 flute designs in tapered, plug, or bottoming tip styles as well as spiral points and / or spiral flutes. Excludes products such as dies and taps used to control the release of water.">
</brick>
</class>
<class code="80012300" text="Tools/Equipment - Hand Variety Packs" definition="">
<brick code="10005645" text="Tools/Equipment - Hand Variety Packs" definition="Includes any products that may be described/observed as two or more distinct tools/equipment - hand products sold together which exist within the schema but belong to different classes, that is two or more products contained within the same pack which cross classes within the tools/equipment - hand family. Includes products such as hammers sold with screwdrivers as well as all non powered tool kits containing items from separate classes. Items that are received free with purchases should be removed from the classification decision-making process. Excludes products such as powered and hand tools sold together.">
</brick>
</class>
<class code="80012400" text="Funnels" definition="">
<brick code="10005714" text="Funnels (DIY)" definition="Includes any products that may be described/observed as a conical utensil having a small hole or narrow tube at the apex, which is used to channel the flow of a substance such as oil or paint into a small mouthed container. Excludes products such as food funnels.">
<attType code="20000794" text="Type of Material" definition="Indicates, with reference to the product branding, labelling or packaging, the descriptive term that is used by the product manufacturer to identify the type of material from which the product is made.">
<attValue code="30004052" text="METAL" definition=""/>
<attValue code="30004152" text="PLASTIC" definition="Plastic is a material consisting of any of a wide range of synthetic or semi-synthetic organics that are malleable and can be molded into solid objects of diverse shapes. Plastics are typically organic polymers of high molecular mass, but they often contain other substances. They are usually synthetic, most commonly derived from petrochemicals, but many are partially natural. Plasticity is the general property of all materials that are able to irreversibly deform without breaking, but this occurs to such a degree with this class of moldable polymers that their name is an emphasis on this ability."/>
<attValue code="30002515" text="UNCLASSIFIED" definition="This term is used to describe those product attributes that are unable to be classified within their specific market; e.g. goat&apos;s cheese - goat&apos;s cheeses is often generically labelled and cannot be further classified."/>
<attValue code="30002518" text="UNIDENTIFIED" definition="This term is used to describe those product attributes that are unidentifiable given existing or available product information."/>
</attType>
</brick>
</class>
<class code="80012600" text="Pneumatic Tools" definition="">
<brick code="10006782" text="Fluid Guns" definition="Includes any products that may be described/observed as a hand tool specifically designed for expelling a fluid from a tank or tube.">
</brick>
</class>
<class code="80012700" text="Gas Burners/Torches" definition="">
<brick code="10006783" text="Gas Torches" definition="A gas torch is a device to generate a flame to heat up products using a gaseous fuel such as acetylene, natural gas or propane. Some torches have an air inlet to mix the fuel gas with air to make a complete combustion. Excludes Solder Torches.">
</brick>
<brick code="10006784" text="Solder Torches" definition="Includes any products that can be described/observed as a device for soldering at a high temperature ( 450 degrees C), where that is not possible with a soldering iron. Excludes Normal Gas Torches.">
</brick>
</class>
<class code="80012800" text="Tools/Equipment - Hand Other" definition="">
<brick code="10006845" text="Tools/Equipment - Hand Other" definition="Includes any products where the user of the schema is not able to classify the products in existing bricks within the schema. Excludes all currently classified Tools/Equipment Hand.">
</brick>
</class>
<class code="80012900" text="Military - Engineering Specialty Equipment - Hand" definition="">
<brick code="10008056" text="Military - Engineering Specialty Equipment - Hand" definition="Includes any products that can be described/observed as &#160;Engineering Specialty Equipment which cannot be classified in other existing bricks. Excludes Military - Engineering Specialty Equipment - Powered">
</brick>
</class>
</family>
</segment>
</schema></gpc:gs1Schema></eanucc:message></sh:StandardBusinessDocument>
