<?xml version="1.0" encoding="UTF-8"?> <sh:StandardBusinessDocument xmlns:sh="http://www.unece.org/cefact/namespaces/StandardBusinessDocumentHeader" xmlns:eanucc="urn:ean.ucc:2" xmlns:gpc="urn:ean.ucc:gpc:2" xmlns:xsi="http://www.w3.org/2001/XMLSchema-instance" xsi:schemaLocation="http://www.unece.org/cefact/namespaces/StandardBusinessDocumentHeader ../Schemas/sbdh/StandardBusinessDocumentHeader.xsd urn:ean.ucc:2 ../Schemas/Gs1SchemaProxy.xsd"> 	<sh:StandardBusinessDocumentHeader> 		<sh:HeaderVersion>2.2</sh:HeaderVersion> 		<sh:Sender> 			<sh:Identifier Authority="GS1">0000000000000</sh:Identifier> 			<sh:ContactInformation> 				<sh:Contact>Mike Mowad</sh:Contact> 				<sh:EmailAddress>gsmp@gs1.org</sh:EmailAddress> 				<sh:FaxNumber>+1 609-557-4599</sh:FaxNumber> 				<sh:TelephoneNumber>+1 609-557-4568</sh:TelephoneNumber> 				<sh:ContactTypeIdentifier></sh:ContactTypeIdentifier> 			</sh:ContactInformation> 		</sh:Sender> 		<sh:Receiver> 			<sh:Identifier Authority="GS1">0000000000000</sh:Identifier> 			<sh:ContactInformation> 				<sh:Contact>Mike Mowad</sh:Contact> 				<sh:EmailAddress>gsmp@gs1.org</sh:EmailAddress> 				<sh:FaxNumber>+1 609-557-4599</sh:FaxNumber> 				<sh:TelephoneNumber>+1 609-557-4568</sh:TelephoneNumber> 				<sh:ContactTypeIdentifier></sh:ContactTypeIdentifier> 			</sh:ContactInformation> 		</sh:Receiver> 		<sh:DocumentIdentification> 			<sh:Standard>GS1</sh:Standard> 			<sh:TypeVersion>2.0.2</sh:TypeVersion> 			<sh:InstanceIdentifier>100003</sh:InstanceIdentifier> 			<sh:Type>Gs1Delta</sh:Type> 			<sh:MultipleType>false</sh:MultipleType> 			<sh:CreationDateAndTime>2005-09-19T12:00:01.000</sh:CreationDateAndTime> 		</sh:DocumentIdentification> 	</sh:StandardBusinessDocumentHeader> 	<eanucc:message> 		<entityIdentification> 			<uniqueCreatorIdentification>MSG-123-20050919</uniqueCreatorIdentification> 			<contentOwner> 				<gln>0000000000000</gln> 			</contentOwner> 		</entityIdentification> 		<gpc:gs1Delta xsi:schemaLocation="urn:ean.ucc:2 ../Schemas/Gs1SchemaProxy.xsd"> <delta> <currentVersion>as at 01122020 EN</currentVersion> <previousVersion>as at 01062020 EN</previousVersion> <deleteSunsetDate></deleteSunsetDate>
<additions>
<attributeValueLevel>
<segment code="47000000" text="Cleaning/Hygiene Products" definition="All products that are used to clean or improve hygiene including suppliers and dispensers for cleaning / hygiene products. Excludes products used for Personal Hygiene.">
<family code="47100000" text="Cleaning Products" definition="">
<class code="47101900" text="Surface Care" definition="">
<brick code="10000556" text="Scratch Remover Kit/Repairs" definition="Includes any products that can be described/observed as a brush or liquid specifically designed to be applied to a scratch upon a wooden/metal surface to remove or cover its visibility. Excludes products such as Oil/Lubricants and Scratch Fill/Plastic Repair Preparations (Automotive).">
<attType code="20000352" text="Formation" definition="Indicates, with reference to the product branding, labelling or packaging, the descriptive term that is used by the product manufacturer to identify the state in which the product is sold.">
<attValue code="30001448" text="LIQUID" definition=""/>
</attType>
</brick>
</class>
</family>
</segment>
<segment code="47000000" text="Cleaning/Hygiene Products" definition="All products that are used to clean or improve hygiene including suppliers and dispensers for cleaning / hygiene products. Excludes products used for Personal Hygiene.">
<family code="47100000" text="Cleaning Products" definition="">
<class code="47101600" text="Cleaners" definition="">
<brick code="10000405" text="Surface Cleaners" definition="Includes any products that may be observed/described as a preparation specifically designed to clean surfaces, appliances and equipment (such as Dishwashers). Includes products such as cleaning liquids/gels/powders/solids and wipes; these are available for multi or specific surfaces/appliances/equipment. Also includes products that remove / neutralize grease on surfaces and appliances.&#160; Excludes products such as De-Scalers, Drain Treatments/Pipe Unblockers, Sanitizers, Disinfectants and Laundry Stain Removers.">
<attType code="20000352" text="Formation" definition="Indicates, with reference to the product branding, labelling or packaging, the descriptive term that is used by the product manufacturer to identify the state in which the product is sold.">
<attValue code="30002265" text="SOLID" definition=""/>
</attType>
</brick>
</class>
</family>
</segment>
<segment code="47000000" text="Cleaning/Hygiene Products" definition="All products that are used to clean or improve hygiene including suppliers and dispensers for cleaning / hygiene products. Excludes products used for Personal Hygiene.">
<family code="47100000" text="Cleaning Products" definition="">
<class code="47101600" text="Cleaners" definition="">
<brick code="10000443" text="Stain Removers" definition="Includes any products that can be described/observed as a preparation specifically designed to penetrate, absorb and remove unwanted deposits and stains. Products include those that can be applied to the stain either prior to the laundering process and those that are applied without the need of washing. Excludes products such as Laundry Detergents, Bleaches and Dry Cleaning Products.">
<attType code="20000352" text="Formation" definition="Indicates, with reference to the product branding, labelling or packaging, the descriptive term that is used by the product manufacturer to identify the state in which the product is sold.">
<attValue code="30002265" text="SOLID" definition=""/>
</attType>
</brick>
</class>
</family>
</segment>
</attributeValueLevel>
</additions>
<additions_move>
</additions_move>
<additions_move_modify>
</additions_move_modify>
<modifications>
<brickLevel>
<segment code="47000000" text="Cleaning/Hygiene Products" definition="All products that are used to clean or improve hygiene including suppliers and dispensers for cleaning / hygiene products. Excludes products used for Personal Hygiene.">
<family code="47100000" text="Cleaning Products" definition="">
<class code="47101600" text="Cleaners" definition="">
<brick code="10000405" text="Surface Cleaners" definition="Includes any products that may be observed/described as a preparation specifically designed to clean surfaces, appliances and equipment (such as Dishwashers). Includes products such as cleaning liquids/gels/powders/solids and wipes; these are available for multi or specific surfaces/appliances/equipment. Also includes products that remove / neutralize grease on surfaces and appliances.&#160; Excludes products such as De-Scalers, Drain Treatments/Pipe Unblockers, Sanitizers, Disinfectants and Laundry Stain Removers.">
</brick>
</class>
</family>
</segment>
<segment code="47000000" text="Cleaning/Hygiene Products" definition="All products that are used to clean or improve hygiene including suppliers and dispensers for cleaning / hygiene products. Excludes products used for Personal Hygiene.">
<family code="47100000" text="Cleaning Products" definition="">
<class code="47101600" text="Cleaners" definition="">
<brick code="10000406" text="Dish Cleaning/Care - Automatic" definition="Includes any products that may be observed/described as an automatic dishwashing detergent-based preparation, specifically designed to clean dishes, aid quick drying and prevent filming or to soften water and prevent lime scale. Includes products such as detergents and rinse agents for automatic dishwashing, and products in tablet, liquid, gel or powder form. Excludes products such as Hand Dishwashing Detergents, Laundry Detergents, Soaps and all cleaning products not specifically intended for use in dish care, Dishwasher Salts, Dishwasher Fresheners.">
</brick>
</class>
</family>
</segment>
<segment code="47000000" text="Cleaning/Hygiene Products" definition="All products that are used to clean or improve hygiene including suppliers and dispensers for cleaning / hygiene products. Excludes products used for Personal Hygiene.">
<family code="47100000" text="Cleaning Products" definition="">
<class code="47101600" text="Cleaners" definition="">
<brick code="10000442" text="Descalers" definition="Includes any products that can be described/observed as a preparation, which is typically diluted in water and employed to remove lime scale deposits caused by hard water or dissolves and removes the build-up of lime, calcium, coffee bean oils and other water deposits that are found in automatic drip coffee makers. Includes products and appliances (such as Kettles, Steam Irons, Baths, Coffee Makers, Dishwashers, Shower Jets and Taps). Specifically excludes high strength and concentrated DIY Descalers. Excludes products such as Water Softeners, Household Cleaners, Caustic Soda/Lye, and Drain or Bath Cleaners.">
</brick>
</class>
</family>
</segment>
<segment code="47000000" text="Cleaning/Hygiene Products" definition="All products that are used to clean or improve hygiene including suppliers and dispensers for cleaning / hygiene products. Excludes products used for Personal Hygiene.">
<family code="47100000" text="Cleaning Products" definition="">
<class code="47101600" text="Cleaners" definition="">
<brick code="10000446" text="Water Softeners" definition="Includes any products that can be described/observed as a preparation, specifically designed to chemically soften hard water, enhance the foaming qualities and cleansing properties of detergents, eliminate hard-water residue, and prevent rusting. For use in appliances (such as Dishwashers). Excludes products such as Fabric Softeners.">
</brick>
</class>
</family>
</segment>
</brickLevel>
</modifications>
<deletions>
<attributeValueLevel>
<segment code="47000000" text="Cleaning/Hygiene Products" definition="All products that are used to clean or improve hygiene including suppliers and dispensers for cleaning / hygiene products. Excludes products used for Personal Hygiene.">
<family code="47100000" text="Cleaning Products" definition="">
<class code="47101900" text="Surface Care" definition="">
<brick code="10000556" text="Scratch Remover Kit/Repairs" definition="Includes any products that can be described/observed as a brush or liquid specifically designed to be applied to a scratch upon a wooden/metal surface to remove or cover its visibility. Excludes products such as Oil/Lubricants and Scratch Fill/Plastic Repair Preparations (Automotive).">
<attType code="20000352" text="Formation" definition="Indicates, with reference to the product branding, labelling or packaging, the descriptive term that is used by the product manufacturer to identify the state in which the product is sold.">
<attValue code="30006086" text="LIQUID FORM" definition=""/>
</attType>
</brick>
</class>
</family>
</segment>
<segment code="47000000" text="Cleaning/Hygiene Products" definition="All products that are used to clean or improve hygiene including suppliers and dispensers for cleaning / hygiene products. Excludes products used for Personal Hygiene.">
<family code="47100000" text="Cleaning Products" definition="">
<class code="47101600" text="Cleaners" definition="">
<brick code="10000405" text="Surface Cleaners" definition="Includes any products that may be observed/described as a preparation specifically designed to clean surfaces, appliances and equipment. Includes products such as cleaning liquids/gels/powders/solids and wipes; these are available for multi or specific surfaces/appliances/equipment. Also includes products that remove / neutralize grease on surfaces and appliances.&#160; Excludes products such as De-Scalers, Drain Treatments/Pipe Unblockers, Sanitizers, Disinfectants and Laundry Stain Removers.">
<attType code="20000352" text="Formation" definition="Indicates, with reference to the product branding, labelling or packaging, the descriptive term that is used by the product manufacturer to identify the state in which the product is sold.">
<attValue code="30012149" text="SOLID" definition=""/>
</attType>
</brick>
</class>
</family>
</segment>
<segment code="47000000" text="Cleaning/Hygiene Products" definition="All products that are used to clean or improve hygiene including suppliers and dispensers for cleaning / hygiene products. Excludes products used for Personal Hygiene.">
<family code="47100000" text="Cleaning Products" definition="">
<class code="47101600" text="Cleaners" definition="">
<brick code="10000443" text="Stain Removers" definition="Includes any products that can be described/observed as a preparation specifically designed to penetrate, absorb and remove unwanted deposits and stains. Products include those that can be applied to the stain either prior to the laundering process and those that are applied without the need of washing. Excludes products such as Laundry Detergents, Bleaches and Dry Cleaning Products.">
<attType code="20000352" text="Formation" definition="Indicates, with reference to the product branding, labelling or packaging, the descriptive term that is used by the product manufacturer to identify the state in which the product is sold.">
<attValue code="30012149" text="SOLID" definition=""/>
</attType>
</brick>
</class>
</family>
</segment>
</attributeValueLevel>
</deletions>
<deletions_move>
</deletions_move>
</delta></gpc:gs1Delta></eanucc:message></sh:StandardBusinessDocument>
