<?xml version="1.0" encoding="UTF-8"?> <sh:StandardBusinessDocument xmlns:sh="http://www.unece.org/cefact/namespaces/StandardBusinessDocumentHeader" xmlns:eanucc="urn:ean.ucc:2" xmlns:gpc="urn:ean.ucc:gpc:2" xmlns:xsi="http://www.w3.org/2001/XMLSchema-instance" xsi:schemaLocation="http://www.unece.org/cefact/namespaces/StandardBusinessDocumentHeader ../Schemas/sbdh/StandardBusinessDocumentHeader.xsd urn:ean.ucc:2 ../Schemas/Gs1SchemaProxy.xsd"> 	<sh:StandardBusinessDocumentHeader> 		<sh:HeaderVersion>2.2</sh:HeaderVersion> 		<sh:Sender> 			<sh:Identifier Authority="GS1">0000000000000</sh:Identifier> 			<sh:ContactInformation> 				<sh:Contact>Mike Mowad</sh:Contact> 				<sh:EmailAddress>gsmp@gs1.org</sh:EmailAddress> 				<sh:FaxNumber>+1 609-557-4599</sh:FaxNumber> 				<sh:TelephoneNumber>+1 609-557-4568</sh:TelephoneNumber> 				<sh:ContactTypeIdentifier></sh:ContactTypeIdentifier> 			</sh:ContactInformation> 		</sh:Sender> 		<sh:Receiver> 			<sh:Identifier Authority="GS1">0000000000000</sh:Identifier> 			<sh:ContactInformation> 				<sh:Contact>Mike Mowad</sh:Contact> 				<sh:EmailAddress>gsmp@gs1.org</sh:EmailAddress> 				<sh:FaxNumber>+1 609-557-4599</sh:FaxNumber> 				<sh:TelephoneNumber>+1 609-557-4568</sh:TelephoneNumber> 				<sh:ContactTypeIdentifier></sh:ContactTypeIdentifier> 			</sh:ContactInformation> 		</sh:Receiver> 		<sh:DocumentIdentification> 			<sh:Standard>GS1</sh:Standard> 			<sh:TypeVersion>2.0.2</sh:TypeVersion> 			<sh:InstanceIdentifier>100003</sh:InstanceIdentifier> 			<sh:Type>Gs1Delta</sh:Type> 			<sh:MultipleType>false</sh:MultipleType> 			<sh:CreationDateAndTime>2005-09-19T12:00:01.000</sh:CreationDateAndTime> 		</sh:DocumentIdentification> 	</sh:StandardBusinessDocumentHeader> 	<eanucc:message> 		<entityIdentification> 			<uniqueCreatorIdentification>MSG-123-20050919</uniqueCreatorIdentification> 			<contentOwner> 				<gln>0000000000000</gln> 			</contentOwner> 		</entityIdentification> 		<gpc:gs1Delta xsi:schemaLocation="urn:ean.ucc:2 ../Schemas/Gs1SchemaProxy.xsd"> <delta> <currentVersion>as at 01122020 EN</currentVersion> <previousVersion>as at 01062020 EN</previousVersion> <deleteSunsetDate></deleteSunsetDate>
<additions>
<brickLevel>
<segment code="75000000" text="Household/Office Furniture/Furnishings" definition="">
<family code="75030000" text="Ornamental Furnishings" definition="">
<class code="75030100" text="Ornaments" definition="">
<brick code="10008112" text="Incense" definition="Includes any products that can be described/observed as a&#160; gum, spice, or other substance that is burned for the scent it produces. It may be in stick, cone or loose form. Includes incense used for religious/spiritual purposes. Excludes scented candles and other scent diffusers (i.e. wax, oil warmers; scent sticks, etc...). Specifically Excludes: Incense Holders/Burners and Accessories">
</brick>
</class>
</family>
</segment>
<segment code="75000000" text="Household/Office Furniture/Furnishings" definition="">
<family code="75030000" text="Ornamental Furnishings" definition="">
<class code="75030100" text="Ornaments" definition="">
<brick code="10008113" text="Incense Holders/Burners and Accessories" definition="Includes any products that can be described/observed as a holder/burner for supporting and diffusing incense and their accessories. Includes products such as hand held (i.e. censers), floor and table holders/burners, as well as charcoal specifically designed for incense, which help to keep the incense secure and/or alight.&#160; Includes incense holders/burners and accessories used for religious/spiritual purposes. Excludes products such as diffusers, BBQ charcoal. Specifically excludes: Incense">
</brick>
</class>
</family>
</segment>
<segment code="75000000" text="Household/Office Furniture/Furnishings" definition="">
<family code="75020000" text="Fabric/Textile Furnishings" definition="">
<class code="75020100" text="Household/Office Fabric/Textile Furnishings" definition="">
<brick code="10008114" text="Bathroom &amp; Toilet Mats" definition="Includes any products that can be described/observed as a loose fabric furnishing cover for a floor, usually made of woven wool or synthetic fibres. Specifically used in the bathroom or toilet room. Excludes Furnishing Floor Rugs and professionally fitted Carpets.">
</brick>
</class>
</family>
</segment>
<segment code="75000000" text="Household/Office Furniture/Furnishings" definition="">
<family code="75020000" text="Fabric/Textile Furnishings" definition="">
<class code="75020100" text="Household/Office Fabric/Textile Furnishings" definition="">
<brick code="10008115" text="Doormats" definition="Includes any products that can be described/observed as a loose cover for a floor, near the door. Specifically used to clean/wipe your shoes. Excludes Furnishing Floor Rugs and professionally fitted Carpets.">
</brick>
</class>
</family>
</segment>
</brickLevel>
<attributeTypeLevel>
<segment code="75000000" text="Household/Office Furniture/Furnishings" definition="">
<family code="75020000" text="Fabric/Textile Furnishings" definition="">
<class code="75020200" text="Bedding" definition="">
<brick code="10002224" text="Blankets/Throws (Non Powered)" definition="Includes any products that can be described/observed as a&#160; cover or wrap for warmth or comfort.&#160; Specifically excludes Blankets (Powered).&#160; Excludes products such as duvets, quilts, fire blankets, sleeping bags and emergency blankets.">
<attType code="20000045" text="Consumer Lifestage" definition="Indicates, with reference to the product branding, labelling or packaging, the descriptive term that is used by the product manufacturer to identify the period or stage in the consumer&apos;s life during which the product is considered to be suitable.">
</attType>
</brick>
</class>
</family>
</segment>
<segment code="75000000" text="Household/Office Furniture/Furnishings" definition="">
<family code="75020000" text="Fabric/Textile Furnishings" definition="">
<class code="75020100" text="Household/Office Fabric/Textile Furnishings" definition="">
<brick code="10008115" text="Doormats" definition="Includes any products that can be described/observed as a loose cover for a floor, near the door. Specifically used to clean/wipe your shoes. Excludes Furnishing Floor Rugs and professionally fitted Carpets.">
<attType code="20000430" text="Location of Use" definition="Indicates, with reference to the product branding, labelling or packaging, the descriptive term that is used by the product manufacturer to identify where the product is designed to be used. (e.g. product is used indoors or outdoors.)">
</attType>
</brick>
</class>
</family>
</segment>
</attributeTypeLevel>
<attributeValueLevel>
<segment code="75000000" text="Household/Office Furniture/Furnishings" definition="">
<family code="75020000" text="Fabric/Textile Furnishings" definition="">
<class code="75020200" text="Bedding" definition="">
<brick code="10002224" text="Blankets/Throws (Non Powered)" definition="Includes any products that can be described/observed as a&#160; cover or wrap for warmth or comfort.&#160; Specifically excludes Blankets (Powered).&#160; Excludes products such as duvets, quilts, fire blankets, sleeping bags and emergency blankets.">
<attType code="20000045" text="Consumer Lifestage" definition="Indicates, with reference to the product branding, labelling or packaging, the descriptive term that is used by the product manufacturer to identify the period or stage in the consumer&apos;s life during which the product is considered to be suitable.">
<attValue code="30000147" text="ADULT" definition=""/>
</attType>
</brick>
</class>
</family>
</segment>
<segment code="75000000" text="Household/Office Furniture/Furnishings" definition="">
<family code="75020000" text="Fabric/Textile Furnishings" definition="">
<class code="75020200" text="Bedding" definition="">
<brick code="10002224" text="Blankets/Throws (Non Powered)" definition="Includes any products that can be described/observed as a&#160; cover or wrap for warmth or comfort.&#160; Specifically excludes Blankets (Powered).&#160; Excludes products such as duvets, quilts, fire blankets, sleeping bags and emergency blankets.">
<attType code="20000045" text="Consumer Lifestage" definition="Indicates, with reference to the product branding, labelling or packaging, the descriptive term that is used by the product manufacturer to identify the period or stage in the consumer&apos;s life during which the product is considered to be suitable.">
<attValue code="30000164" text="ALL AGES" definition=""/>
</attType>
</brick>
</class>
</family>
</segment>
<segment code="75000000" text="Household/Office Furniture/Furnishings" definition="">
<family code="75020000" text="Fabric/Textile Furnishings" definition="">
<class code="75020100" text="Household/Office Fabric/Textile Furnishings" definition="">
<brick code="10008115" text="Doormats" definition="Includes any products that can be described/observed as a loose cover for a floor, near the door. Specifically used to clean/wipe your shoes. Excludes Furnishing Floor Rugs and professionally fitted Carpets.">
<attType code="20000430" text="Location of Use" definition="Indicates, with reference to the product branding, labelling or packaging, the descriptive term that is used by the product manufacturer to identify where the product is designed to be used. (e.g. product is used indoors or outdoors.)">
<attValue code="30002515" text="UNCLASSIFIED" definition="This term is used to describe those product attributes that are unable to be classified within their specific market; e.g. goat&apos;s cheese - goat&apos;s cheeses is often generically labelled and cannot be further classified."/>
</attType>
</brick>
</class>
</family>
</segment>
<segment code="75000000" text="Household/Office Furniture/Furnishings" definition="">
<family code="75020000" text="Fabric/Textile Furnishings" definition="">
<class code="75020200" text="Bedding" definition="">
<brick code="10002224" text="Blankets/Throws (Non Powered)" definition="Includes any products that can be described/observed as a&#160; cover or wrap for warmth or comfort.&#160; Specifically excludes Blankets (Powered).&#160; Excludes products such as duvets, quilts, fire blankets, sleeping bags and emergency blankets.">
<attType code="20000045" text="Consumer Lifestage" definition="Indicates, with reference to the product branding, labelling or packaging, the descriptive term that is used by the product manufacturer to identify the period or stage in the consumer&apos;s life during which the product is considered to be suitable.">
<attValue code="30002515" text="UNCLASSIFIED" definition="This term is used to describe those product attributes that are unable to be classified within their specific market; e.g. goat&apos;s cheese - goat&apos;s cheeses is often generically labelled and cannot be further classified."/>
</attType>
</brick>
</class>
</family>
</segment>
<segment code="75000000" text="Household/Office Furniture/Furnishings" definition="">
<family code="75020000" text="Fabric/Textile Furnishings" definition="">
<class code="75020100" text="Household/Office Fabric/Textile Furnishings" definition="">
<brick code="10008115" text="Doormats" definition="Includes any products that can be described/observed as a loose cover for a floor, near the door. Specifically used to clean/wipe your shoes. Excludes Furnishing Floor Rugs and professionally fitted Carpets.">
<attType code="20000430" text="Location of Use" definition="Indicates, with reference to the product branding, labelling or packaging, the descriptive term that is used by the product manufacturer to identify where the product is designed to be used. (e.g. product is used indoors or outdoors.)">
<attValue code="30002518" text="UNIDENTIFIED" definition="This term is used to describe those product attributes that are unidentifiable given existing or available product information."/>
</attType>
</brick>
</class>
</family>
</segment>
<segment code="75000000" text="Household/Office Furniture/Furnishings" definition="">
<family code="75020000" text="Fabric/Textile Furnishings" definition="">
<class code="75020200" text="Bedding" definition="">
<brick code="10002224" text="Blankets/Throws (Non Powered)" definition="Includes any products that can be described/observed as a&#160; cover or wrap for warmth or comfort.&#160; Specifically excludes Blankets (Powered).&#160; Excludes products such as duvets, quilts, fire blankets, sleeping bags and emergency blankets.">
<attType code="20000045" text="Consumer Lifestage" definition="Indicates, with reference to the product branding, labelling or packaging, the descriptive term that is used by the product manufacturer to identify the period or stage in the consumer&apos;s life during which the product is considered to be suitable.">
<attValue code="30002518" text="UNIDENTIFIED" definition="This term is used to describe those product attributes that are unidentifiable given existing or available product information."/>
</attType>
</brick>
</class>
</family>
</segment>
<segment code="75000000" text="Household/Office Furniture/Furnishings" definition="">
<family code="75020000" text="Fabric/Textile Furnishings" definition="">
<class code="75020100" text="Household/Office Fabric/Textile Furnishings" definition="">
<brick code="10008115" text="Doormats" definition="Includes any products that can be described/observed as a loose cover for a floor, near the door. Specifically used to clean/wipe your shoes. Excludes Furnishing Floor Rugs and professionally fitted Carpets.">
<attType code="20000430" text="Location of Use" definition="Indicates, with reference to the product branding, labelling or packaging, the descriptive term that is used by the product manufacturer to identify where the product is designed to be used. (e.g. product is used indoors or outdoors.)">
<attValue code="30005019" text="INDOOR" definition=""/>
</attType>
</brick>
</class>
</family>
</segment>
<segment code="75000000" text="Household/Office Furniture/Furnishings" definition="">
<family code="75020000" text="Fabric/Textile Furnishings" definition="">
<class code="75020100" text="Household/Office Fabric/Textile Furnishings" definition="">
<brick code="10008115" text="Doormats" definition="Includes any products that can be described/observed as a loose cover for a floor, near the door. Specifically used to clean/wipe your shoes. Excludes Furnishing Floor Rugs and professionally fitted Carpets.">
<attType code="20000430" text="Location of Use" definition="Indicates, with reference to the product branding, labelling or packaging, the descriptive term that is used by the product manufacturer to identify where the product is designed to be used. (e.g. product is used indoors or outdoors.)">
<attValue code="30005020" text="OUTDOOR" definition=""/>
</attType>
</brick>
</class>
</family>
</segment>
<segment code="75000000" text="Household/Office Furniture/Furnishings" definition="">
<family code="75020000" text="Fabric/Textile Furnishings" definition="">
<class code="75020200" text="Bedding" definition="">
<brick code="10002224" text="Blankets/Throws (Non Powered)" definition="Includes any products that can be described/observed as a&#160; cover or wrap for warmth or comfort.&#160; Specifically excludes Blankets (Powered).&#160; Excludes products such as duvets, quilts, fire blankets, sleeping bags and emergency blankets.">
<attType code="20000045" text="Consumer Lifestage" definition="Indicates, with reference to the product branding, labelling or packaging, the descriptive term that is used by the product manufacturer to identify the period or stage in the consumer&apos;s life during which the product is considered to be suitable.">
<attValue code="30006665" text="BABY/INFANT" definition=""/>
</attType>
</brick>
</class>
</family>
</segment>
<segment code="75000000" text="Household/Office Furniture/Furnishings" definition="">
<family code="75020000" text="Fabric/Textile Furnishings" definition="">
<class code="75020200" text="Bedding" definition="">
<brick code="10002224" text="Blankets/Throws (Non Powered)" definition="Includes any products that can be described/observed as a&#160; cover or wrap for warmth or comfort.&#160; Specifically excludes Blankets (Powered).&#160; Excludes products such as duvets, quilts, fire blankets, sleeping bags and emergency blankets.">
<attType code="20000045" text="Consumer Lifestage" definition="Indicates, with reference to the product branding, labelling or packaging, the descriptive term that is used by the product manufacturer to identify the period or stage in the consumer&apos;s life during which the product is considered to be suitable.">
<attValue code="30010989" text="TEENAGER/YOUNG ADULT" definition=""/>
</attType>
</brick>
</class>
</family>
</segment>
<segment code="75000000" text="Household/Office Furniture/Furnishings" definition="">
<family code="75020000" text="Fabric/Textile Furnishings" definition="">
<class code="75020100" text="Household/Office Fabric/Textile Furnishings" definition="">
<brick code="10008115" text="Doormats" definition="Includes any products that can be described/observed as a loose cover for a floor, near the door. Specifically used to clean/wipe your shoes. Excludes Furnishing Floor Rugs and professionally fitted Carpets.">
<attType code="20000430" text="Location of Use" definition="Indicates, with reference to the product branding, labelling or packaging, the descriptive term that is used by the product manufacturer to identify where the product is designed to be used. (e.g. product is used indoors or outdoors.)">
<attValue code="30012100" text="INDOOR/OUTDOOR" definition=""/>
</attType>
</brick>
</class>
</family>
</segment>
<segment code="75000000" text="Household/Office Furniture/Furnishings" definition="">
<family code="75020000" text="Fabric/Textile Furnishings" definition="">
<class code="75020200" text="Bedding" definition="">
<brick code="10002224" text="Blankets/Throws (Non Powered)" definition="Includes any products that can be described/observed as a&#160; cover or wrap for warmth or comfort.&#160; Specifically excludes Blankets (Powered).&#160; Excludes products such as duvets, quilts, fire blankets, sleeping bags and emergency blankets.">
<attType code="20001755" text="Type of Blanket/Throw" definition="Indicates, with reference to the product branding, labelling or packaging, the descriptive term that is used by the product manufacturer to identify the type of blanket or throw.">
<attValue code="30019110" text="SLEEP SACK" definition=""/>
</attType>
</brick>
</class>
</family>
</segment>
</attributeValueLevel>
</additions>
<additions_move>
</additions_move>
<additions_move_modify>
</additions_move_modify>
<modifications>
<brickLevel>
<segment code="75000000" text="Household/Office Furniture/Furnishings" definition="">
<family code="75020000" text="Fabric/Textile Furnishings" definition="">
<class code="75020100" text="Household/Office Fabric/Textile Furnishings" definition="">
<brick code="10002218" text="Furnishing Floor Rugs/Mats - Detachable" definition="Includes any products that can be described/observed as a loose fabric furnishing cover for a floor, usually made of woven wool or synthetic fibres. Products include Hand or Machine Knotted Rugs, made of a variety of synthetic fibres. Specifically excludes professionally fitted Carpets. Excludes products such as Table Mats, Sporting Mats/Carpets, Camping Sleeping Mats, Bathroom &amp; Toilet Mats and Door Mats.">
</brick>
</class>
</family>
</segment>
<segment code="75000000" text="Household/Office Furniture/Furnishings" definition="">
<family code="75020000" text="Fabric/Textile Furnishings" definition="">
<class code="75020200" text="Bedding" definition="">
<brick code="10002224" text="Blankets/Throws (Non Powered)" definition="Includes any products that can be described/observed as a&#160; cover or wrap for warmth or comfort.&#160; Specifically excludes Blankets (Powered).&#160; Excludes products such as duvets, quilts, fire blankets, sleeping bags and emergency blankets.">
</brick>
</class>
</family>
</segment>
</brickLevel>
</modifications>
<deletions>
<attributeValueLevel>
<segment code="75000000" text="Household/Office Furniture/Furnishings" definition="">
<family code="75020000" text="Fabric/Textile Furnishings" definition="">
<class code="75020100" text="Household/Office Fabric/Textile Furnishings" definition="">
<brick code="10002218" text="Furnishing Floor Rugs/Mats - Detachable" definition="Includes any products that can be described/observed as a loose fabric furnishing cover for a floor, usually made of woven wool or synthetic fibres. Products include Hand or Machine Knotted Rugs, Bath/Shower Mats and Door Mats made of a variety of synthetic fibres. Specifically excludes professionally fitted Carpets. Excludes products such as Table Mats, Sporting Mats/Carpets and Camping Sleeping Mats.">
<attType code="20001709" text="Target Use/Application" definition="Indicates, with reference to the product branding, labelling or packaging, the descriptive term that is used by the product manufacturer to identify the target use and/or application.">
<attValue code="30003674" text="BATHROOM" definition=""/>
</attType>
</brick>
</class>
</family>
</segment>
</attributeValueLevel>
</deletions>
<deletions_move>
</deletions_move>
</delta></gpc:gs1Delta></eanucc:message></sh:StandardBusinessDocument>
