<?xml version="1.0" encoding="UTF-8"?>  <sh:StandardBusinessDocument xmlns:sh="http://www.unece.org/cefact/namespaces/StandardBusinessDocumentHeader" xmlns:eanucc="urn:ean.ucc:2" xmlns:gpc="urn:ean.ucc:gpc:2" xmlns:xsi="http://www.w3.org/2001/XMLSchema-instance" xsi:schemaLocation="http://www.unece.org/cefact/namespaces/StandardBusinessDocumentHeader ../Schemas/sbdh/StandardBusinessDocumentHeader.xsd urn:ean.ucc:2 ../Schemas/Gs1SchemaProxy.xsd"> 	<sh:StandardBusinessDocumentHeader> 		<sh:HeaderVersion>2.2</sh:HeaderVersion> 		<sh:Sender> 			<sh:Identifier Authority="GS1">0000000000000</sh:Identifier> 			<sh:ContactInformation> 				<sh:Contact>Mike Mowad</sh:Contact> 				<sh:EmailAddress>gsmp@gs1.org</sh:EmailAddress> 				<sh:FaxNumber>+1 609-557-4599</sh:FaxNumber> 				<sh:TelephoneNumber>+1 609-557-4568</sh:TelephoneNumber> 				<sh:ContactTypeIdentifier></sh:ContactTypeIdentifier> 			</sh:ContactInformation> 		</sh:Sender> 		<sh:Receiver> 			<sh:Identifier Authority="GS1">0000000000000</sh:Identifier> 			<sh:ContactInformation> 				<sh:Contact>Mike Mowad</sh:Contact> 				<sh:EmailAddress>gsmp@gs1.org</sh:EmailAddress> 				<sh:FaxNumber>+1 609-557-4599</sh:FaxNumber> 				<sh:TelephoneNumber>+1 609-557-4568</sh:TelephoneNumber> 				<sh:ContactTypeIdentifier></sh:ContactTypeIdentifier> 			</sh:ContactInformation> 		</sh:Receiver> 		<sh:DocumentIdentification> 			<sh:Standard>GS1</sh:Standard> 			<sh:TypeVersion>2.0.2</sh:TypeVersion> 			<sh:InstanceIdentifier>100003</sh:InstanceIdentifier> 			<sh:Type>Gs1Schema</sh:Type> 			<sh:MultipleType>false</sh:MultipleType> 			<sh:CreationDateAndTime>2005-09-19T12:00:01.000</sh:CreationDateAndTime> 		</sh:DocumentIdentification> 	</sh:StandardBusinessDocumentHeader> 	<eanucc:message> 		<entityIdentification> 			<uniqueCreatorIdentification>MSG-123-20050919</uniqueCreatorIdentification> 			<contentOwner> 				<gln>0000000000000</gln> 			</contentOwner> 		</entityIdentification> 		<gpc:gs1Schema xsi:schemaLocation="urn:ean.ucc:2 ../Schemas/Gs1SchemaProxy.xsd"> <schema> <currentVersion>as at 01122020 EN</currentVersion> <previousVersion></previousVersion>
<segment code="60000000" text="Textual/Printed/Reference Materials" definition="">
<family code="60010000" text="Textual/Printed/Reference Materials" definition="">
<class code="60010100" text="Textual/Printed/Reference Materials Variety Packs" definition="">
<brick code="10002103" text="Textual/Printed/Reference Materials Variety Packs" definition="Includes any products than can be described/observed as two or more distinct Textual, Printed and Reference Materials products sold together which exist within the schema but belong to different classes, that is, two or more products contained within the same pack which cross classes within the Textual, Printed and Reference Materials Family. Includes products such as Printed Books and Printed Periodicals variety packs. Items that are received free with purchases should be removed from the classification decision-making process. Excludes products such as a Printed Periodical and Music CD variety pack.">
</brick>
</class>
<class code="60010200" text="Books" definition="">
<brick code="10004103" text="Audio Books" definition="Includes any products that can be described/observed as a written work produced in audio format for the listener. Includes audio books pre-recorded on an audio cassette or audio CD and audio books downloadable from the internet. Excludes products such as Printed Books, Electronic Books and Periodicals. Also excludes digital products that are downloaded or streamed to customer.">
<attType code="20000045" text="Consumer Lifestage" definition="Indicates, with reference to the product branding, labelling or packaging, the descriptive term that is used by the product manufacturer to identify the period or stage in the consumer&apos;s life during which the product is considered to be suitable.">
<attValue code="30000147" text="ADULT" definition=""/>
<attValue code="30000164" text="ALL AGES" definition=""/>
<attValue code="30000628" text="CHILD" definition=""/>
<attValue code="30004297" text="TEENAGER" definition=""/>
<attValue code="30010989" text="TEENAGER/YOUNG ADULT" definition=""/>
<attValue code="30002515" text="UNCLASSIFIED" definition="This term is used to describe those product attributes that are unable to be classified within their specific market; e.g. goat&apos;s cheese - goat&apos;s cheeses is often generically labelled and cannot be further classified."/>
<attValue code="30002518" text="UNIDENTIFIED" definition="This term is used to describe those product attributes that are unidentifiable given existing or available product information."/>
<attValue code="30016336" text="YOUNG ADULT" definition=""/>
</attType>
<attType code="20003037" text="Fiction/Non-Fiction" definition="Indicates, with reference to the product branding, labelling or packaging, the descriptive term that is used by the product manufacturer to identify whether the product is fiction or non-fiction.">
<attValue code="30007070" text="FICTION" definition=""/>
<attValue code="30007071" text="NON FICTION" definition=""/>
<attValue code="30002515" text="UNCLASSIFIED" definition="This term is used to describe those product attributes that are unable to be classified within their specific market; e.g. goat&apos;s cheese - goat&apos;s cheeses is often generically labelled and cannot be further classified."/>
<attValue code="30002518" text="UNIDENTIFIED" definition="This term is used to describe those product attributes that are unidentifiable given existing or available product information."/>
</attType>
<attType code="20002048" text="Format" definition="Indicates, with reference to the product branding, labelling or packaging, the descriptive term that is used by the product manufacturer to identify the product format.">
<attValue code="30011007" text="AUDIO CASSETTE" definition=""/>
<attValue code="30011008" text="AUDIO CD" definition=""/>
<attValue code="30011001" text="DOWNLOADABLE" definition=""/>
<attValue code="30011006" text="MP3 ON DISK" definition=""/>
<attValue code="30002515" text="UNCLASSIFIED" definition="This term is used to describe those product attributes that are unable to be classified within their specific market; e.g. goat&apos;s cheese - goat&apos;s cheeses is often generically labelled and cannot be further classified."/>
<attValue code="30002518" text="UNIDENTIFIED" definition="This term is used to describe those product attributes that are unidentifiable given existing or available product information."/>
</attType>
<attType code="20001210" text="Genre" definition="Indicates, with reference to the product branding, labelling or packaging, the descriptive term that is used by the product manufacturer to identify the genre or subject matter.">
<attValue code="30010590" text="ACTION/ADVENTURE" definition=""/>
<attValue code="30017767" text="ANTHOLOGY" definition=""/>
<attValue code="30017768" text="ART" definition=""/>
<attValue code="30010594" text="BIOGRAPHY/AUTOBIOGRAPHY" definition=""/>
<attValue code="30017770" text="COMIC" definition=""/>
<attValue code="30017771" text="COOKBOOK" definition=""/>
<attValue code="30017772" text="DIARY" definition=""/>
<attValue code="30007655" text="DICTIONARY" definition=""/>
<attValue code="30010591" text="DRAMA" definition=""/>
<attValue code="30017773" text="ENCYCLOPEDIA" definition=""/>
<attValue code="30017774" text="ENTERTAINMENT" definition=""/>
<attValue code="30017775" text="FANTASY" definition=""/>
<attValue code="30017776" text="GUIDE" definition=""/>
<attValue code="30008016" text="HEALTH/FITNESS" definition=""/>
<attValue code="30017778" text="HISTORY" definition=""/>
<attValue code="30008011" text="HORROR" definition=""/>
<attValue code="30017779" text="HUMOUR" definition=""/>
<attValue code="30017780" text="INSTRUCTIONAL" definition=""/>
<attValue code="30017781" text="MATH" definition=""/>
<attValue code="30017782" text="MYSTERY" definition=""/>
<attValue code="30017783" text="POETRY" definition=""/>
<attValue code="30017784" text="PROFESSIONAL PUBLICATION" definition=""/>
<attValue code="30017785" text="RELIGION, SPIRITUALITY AND NEW AGE" definition=""/>
<attValue code="30010589" text="ROMANCE" definition=""/>
<attValue code="30017786" text="SATIRE" definition=""/>
<attValue code="30007069" text="SCIENCE" definition=""/>
<attValue code="30010588" text="SCIENCE FICTION" definition=""/>
<attValue code="30017787" text="SELF HELP" definition=""/>
<attValue code="30007931" text="TRAVEL" definition=""/>
<attValue code="30002515" text="UNCLASSIFIED" definition="This term is used to describe those product attributes that are unable to be classified within their specific market; e.g. goat&apos;s cheese - goat&apos;s cheeses is often generically labelled and cannot be further classified."/>
<attValue code="30002518" text="UNIDENTIFIED" definition="This term is used to describe those product attributes that are unidentifiable given existing or available product information."/>
</attType>
</brick>
<brick code="10004107" text="Books Variety Packs" definition="Includes any products than can be described/observed as two or more book products sold together, which exist within the schema belonging to different bricks but to the same class, that is two or more products contained within the same pack which cross bricks within the Books class. Includes products such as a Printed Book and Audio Book sold together. Items that are received free with purchases should be removed from the classification decision-making process. Excludes products such as Printed Books and Periodicals Variety Packs.">
<attType code="20003037" text="Fiction/Non-Fiction" definition="Indicates, with reference to the product branding, labelling or packaging, the descriptive term that is used by the product manufacturer to identify whether the product is fiction or non-fiction.">
<attValue code="30007070" text="FICTION" definition=""/>
<attValue code="30007071" text="NON FICTION" definition=""/>
<attValue code="30002515" text="UNCLASSIFIED" definition="This term is used to describe those product attributes that are unable to be classified within their specific market; e.g. goat&apos;s cheese - goat&apos;s cheeses is often generically labelled and cannot be further classified."/>
<attValue code="30002518" text="UNIDENTIFIED" definition="This term is used to describe those product attributes that are unidentifiable given existing or available product information."/>
</attType>
</brick>
<brick code="10000925" text="Digital eBook Content" definition="Includes any products that can be described/observed as a book that is published in electronic form, which can be either downloaded from the internet or produced on a disk. Includes both fictional and non-fictional Electronic Books. Excludes products such as Books printed on paper and Periodicals.">
<attType code="20000045" text="Consumer Lifestage" definition="Indicates, with reference to the product branding, labelling or packaging, the descriptive term that is used by the product manufacturer to identify the period or stage in the consumer&apos;s life during which the product is considered to be suitable.">
<attValue code="30000147" text="ADULT" definition=""/>
<attValue code="30000164" text="ALL AGES" definition=""/>
<attValue code="30000628" text="CHILD" definition=""/>
<attValue code="30004297" text="TEENAGER" definition=""/>
<attValue code="30010989" text="TEENAGER/YOUNG ADULT" definition=""/>
<attValue code="30002515" text="UNCLASSIFIED" definition="This term is used to describe those product attributes that are unable to be classified within their specific market; e.g. goat&apos;s cheese - goat&apos;s cheeses is often generically labelled and cannot be further classified."/>
<attValue code="30002518" text="UNIDENTIFIED" definition="This term is used to describe those product attributes that are unidentifiable given existing or available product information."/>
<attValue code="30016336" text="YOUNG ADULT" definition=""/>
</attType>
<attType code="20003037" text="Fiction/Non-Fiction" definition="Indicates, with reference to the product branding, labelling or packaging, the descriptive term that is used by the product manufacturer to identify whether the product is fiction or non-fiction.">
<attValue code="30007070" text="FICTION" definition=""/>
<attValue code="30007071" text="NON FICTION" definition=""/>
<attValue code="30002515" text="UNCLASSIFIED" definition="This term is used to describe those product attributes that are unable to be classified within their specific market; e.g. goat&apos;s cheese - goat&apos;s cheeses is often generically labelled and cannot be further classified."/>
<attValue code="30002518" text="UNIDENTIFIED" definition="This term is used to describe those product attributes that are unidentifiable given existing or available product information."/>
</attType>
<attType code="20002048" text="Format" definition="Indicates, with reference to the product branding, labelling or packaging, the descriptive term that is used by the product manufacturer to identify the product format.">
<attValue code="30011001" text="DOWNLOADABLE" definition=""/>
<attValue code="30011002" text="ON DISK" definition=""/>
<attValue code="30002515" text="UNCLASSIFIED" definition="This term is used to describe those product attributes that are unable to be classified within their specific market; e.g. goat&apos;s cheese - goat&apos;s cheeses is often generically labelled and cannot be further classified."/>
<attValue code="30002518" text="UNIDENTIFIED" definition="This term is used to describe those product attributes that are unidentifiable given existing or available product information."/>
</attType>
<attType code="20001210" text="Genre" definition="Indicates, with reference to the product branding, labelling or packaging, the descriptive term that is used by the product manufacturer to identify the genre or subject matter.">
<attValue code="30010590" text="ACTION/ADVENTURE" definition=""/>
<attValue code="30017767" text="ANTHOLOGY" definition=""/>
<attValue code="30017768" text="ART" definition=""/>
<attValue code="30010594" text="BIOGRAPHY/AUTOBIOGRAPHY" definition=""/>
<attValue code="30017770" text="COMIC" definition=""/>
<attValue code="30017771" text="COOKBOOK" definition=""/>
<attValue code="30017772" text="DIARY" definition=""/>
<attValue code="30007655" text="DICTIONARY" definition=""/>
<attValue code="30010591" text="DRAMA" definition=""/>
<attValue code="30017773" text="ENCYCLOPEDIA" definition=""/>
<attValue code="30017774" text="ENTERTAINMENT" definition=""/>
<attValue code="30017775" text="FANTASY" definition=""/>
<attValue code="30017776" text="GUIDE" definition=""/>
<attValue code="30008016" text="HEALTH/FITNESS" definition=""/>
<attValue code="30017778" text="HISTORY" definition=""/>
<attValue code="30008011" text="HORROR" definition=""/>
<attValue code="30017779" text="HUMOUR" definition=""/>
<attValue code="30017780" text="INSTRUCTIONAL" definition=""/>
<attValue code="30017781" text="MATH" definition=""/>
<attValue code="30017782" text="MYSTERY" definition=""/>
<attValue code="30017783" text="POETRY" definition=""/>
<attValue code="30017784" text="PROFESSIONAL PUBLICATION" definition=""/>
<attValue code="30017785" text="RELIGION, SPIRITUALITY AND NEW AGE" definition=""/>
<attValue code="30010589" text="ROMANCE" definition=""/>
<attValue code="30017786" text="SATIRE" definition=""/>
<attValue code="30007069" text="SCIENCE" definition=""/>
<attValue code="30010588" text="SCIENCE FICTION" definition=""/>
<attValue code="30017787" text="SELF HELP" definition=""/>
<attValue code="30007931" text="TRAVEL" definition=""/>
<attValue code="30002515" text="UNCLASSIFIED" definition="This term is used to describe those product attributes that are unable to be classified within their specific market; e.g. goat&apos;s cheese - goat&apos;s cheeses is often generically labelled and cannot be further classified."/>
<attValue code="30002518" text="UNIDENTIFIED" definition="This term is used to describe those product attributes that are unidentifiable given existing or available product information."/>
</attType>
</brick>
<brick code="10000926" text="Printed Books/Compositions" definition="Includes any products that can be described/observed as a written work published in printed form. Includes paperback books, hardcover books, rag books, and leaflets. The book content ranges from non-fiction subjects such as biographies and music instruction to fictional thrillers and romantic novels. Excludes products such as Electronic Books and Periodicals.">
<attType code="20000045" text="Consumer Lifestage" definition="Indicates, with reference to the product branding, labelling or packaging, the descriptive term that is used by the product manufacturer to identify the period or stage in the consumer&apos;s life during which the product is considered to be suitable.">
<attValue code="30000147" text="ADULT" definition=""/>
<attValue code="30000164" text="ALL AGES" definition=""/>
<attValue code="30000628" text="CHILD" definition=""/>
<attValue code="30004297" text="TEENAGER" definition=""/>
<attValue code="30010989" text="TEENAGER/YOUNG ADULT" definition=""/>
<attValue code="30002515" text="UNCLASSIFIED" definition="This term is used to describe those product attributes that are unable to be classified within their specific market; e.g. goat&apos;s cheese - goat&apos;s cheeses is often generically labelled and cannot be further classified."/>
<attValue code="30002518" text="UNIDENTIFIED" definition="This term is used to describe those product attributes that are unidentifiable given existing or available product information."/>
<attValue code="30016336" text="YOUNG ADULT" definition=""/>
</attType>
<attType code="20003037" text="Fiction/Non-Fiction" definition="Indicates, with reference to the product branding, labelling or packaging, the descriptive term that is used by the product manufacturer to identify whether the product is fiction or non-fiction.">
<attValue code="30007070" text="FICTION" definition=""/>
<attValue code="30007071" text="NON FICTION" definition=""/>
<attValue code="30002515" text="UNCLASSIFIED" definition="This term is used to describe those product attributes that are unable to be classified within their specific market; e.g. goat&apos;s cheese - goat&apos;s cheeses is often generically labelled and cannot be further classified."/>
<attValue code="30002518" text="UNIDENTIFIED" definition="This term is used to describe those product attributes that are unidentifiable given existing or available product information."/>
</attType>
<attType code="20002048" text="Format" definition="Indicates, with reference to the product branding, labelling or packaging, the descriptive term that is used by the product manufacturer to identify the product format.">
<attValue code="30010998" text="BATH BOOK" definition=""/>
<attValue code="30010994" text="BOARD BOOK" definition=""/>
<attValue code="30010992" text="HARDCOVER/HARDBACK" definition=""/>
<attValue code="30010996" text="LEATHER/FINE BINDING" definition=""/>
<attValue code="30010999" text="LOOSE LEAF" definition=""/>
<attValue code="30010990" text="PAPERBACK/SOFTBACK" definition=""/>
<attValue code="30010997" text="RAG BOOK" definition=""/>
<attValue code="30011000" text="SINGLE SHEET/LEAFLET" definition=""/>
<attValue code="30010995" text="SPIRAL BOUND BOARD BOOK" definition=""/>
<attValue code="30010993" text="SPIRAL BOUND HARDCOVER" definition=""/>
<attValue code="30010991" text="SPIRAL BOUND PAPERBACK" definition=""/>
<attValue code="30002515" text="UNCLASSIFIED" definition="This term is used to describe those product attributes that are unable to be classified within their specific market; e.g. goat&apos;s cheese - goat&apos;s cheeses is often generically labelled and cannot be further classified."/>
<attValue code="30002518" text="UNIDENTIFIED" definition="This term is used to describe those product attributes that are unidentifiable given existing or available product information."/>
</attType>
<attType code="20001210" text="Genre" definition="Indicates, with reference to the product branding, labelling or packaging, the descriptive term that is used by the product manufacturer to identify the genre or subject matter.">
<attValue code="30010590" text="ACTION/ADVENTURE" definition=""/>
<attValue code="30017767" text="ANTHOLOGY" definition=""/>
<attValue code="30017768" text="ART" definition=""/>
<attValue code="30010594" text="BIOGRAPHY/AUTOBIOGRAPHY" definition=""/>
<attValue code="30017770" text="COMIC" definition=""/>
<attValue code="30017771" text="COOKBOOK" definition=""/>
<attValue code="30017772" text="DIARY" definition=""/>
<attValue code="30007655" text="DICTIONARY" definition=""/>
<attValue code="30010591" text="DRAMA" definition=""/>
<attValue code="30017773" text="ENCYCLOPEDIA" definition=""/>
<attValue code="30017774" text="ENTERTAINMENT" definition=""/>
<attValue code="30017775" text="FANTASY" definition=""/>
<attValue code="30017776" text="GUIDE" definition=""/>
<attValue code="30008016" text="HEALTH/FITNESS" definition=""/>
<attValue code="30017778" text="HISTORY" definition=""/>
<attValue code="30008011" text="HORROR" definition=""/>
<attValue code="30017779" text="HUMOUR" definition=""/>
<attValue code="30017780" text="INSTRUCTIONAL" definition=""/>
<attValue code="30017781" text="MATH" definition=""/>
<attValue code="30017782" text="MYSTERY" definition=""/>
<attValue code="30017783" text="POETRY" definition=""/>
<attValue code="30017784" text="PROFESSIONAL PUBLICATION" definition=""/>
<attValue code="30017785" text="RELIGION, SPIRITUALITY AND NEW AGE" definition=""/>
<attValue code="30010589" text="ROMANCE" definition=""/>
<attValue code="30017786" text="SATIRE" definition=""/>
<attValue code="30007069" text="SCIENCE" definition=""/>
<attValue code="30010588" text="SCIENCE FICTION" definition=""/>
<attValue code="30017787" text="SELF HELP" definition=""/>
<attValue code="30007931" text="TRAVEL" definition=""/>
<attValue code="30002515" text="UNCLASSIFIED" definition="This term is used to describe those product attributes that are unable to be classified within their specific market; e.g. goat&apos;s cheese - goat&apos;s cheeses is often generically labelled and cannot be further classified."/>
<attValue code="30002518" text="UNIDENTIFIED" definition="This term is used to describe those product attributes that are unidentifiable given existing or available product information."/>
</attType>
<attType code="20002930" text="Type of Activity Book/Periodical" definition="Includes any book/ periodical that is activity based. Includes products such as colouring books, sticker books, pop-up books.">
<attValue code="30007795" text="AUDIO" definition=""/>
<attValue code="30008146" text="BRICK PUZZLE" definition=""/>
<attValue code="30016306" text="COLOURING/PAINTING" definition=""/>
<attValue code="30000720" text="COMBINATION" definition=""/>
<attValue code="30011517" text="CROSSWORD PUZZLE" definition=""/>
<attValue code="30008148" text="JIGSAW PUZZLE" definition=""/>
<attValue code="30008149" text="MATHEMATICAL PUZZLE" definition=""/>
<attValue code="30001694" text="NONE" definition=""/>
<attValue code="30009314" text="POP UP" definition=""/>
<attValue code="30006993" text="SMELL" definition=""/>
<attValue code="30016307" text="STICKERS" definition=""/>
<attValue code="30016308" text="TACTILE" definition=""/>
<attValue code="30002515" text="UNCLASSIFIED" definition="This term is used to describe those product attributes that are unable to be classified within their specific market; e.g. goat&apos;s cheese - goat&apos;s cheeses is often generically labelled and cannot be further classified."/>
<attValue code="30002518" text="UNIDENTIFIED" definition="This term is used to describe those product attributes that are unidentifiable given existing or available product information."/>
</attType>
</brick>
</class>
<class code="60010300" text="Periodicals" definition="">
<brick code="10004104" text="Audio Periodicals" definition="Includes any products that can be described/observed as a magazine, newspaper or journal produced in an audio format for the listener. Typically, the periodicals are produced at regular or irregular intervals. Includes audio periodicals downloadable from the internet and pre-recorded periodicals available on an audio cassette or audio CD. Excludes products such as Printed Periodicals, Electronic Periodicals, Audio Books and Electronic Books.">
<attType code="20000045" text="Consumer Lifestage" definition="Indicates, with reference to the product branding, labelling or packaging, the descriptive term that is used by the product manufacturer to identify the period or stage in the consumer&apos;s life during which the product is considered to be suitable.">
<attValue code="30000147" text="ADULT" definition=""/>
<attValue code="30000164" text="ALL AGES" definition=""/>
<attValue code="30000628" text="CHILD" definition=""/>
<attValue code="30004297" text="TEENAGER" definition=""/>
<attValue code="30010989" text="TEENAGER/YOUNG ADULT" definition=""/>
<attValue code="30002515" text="UNCLASSIFIED" definition="This term is used to describe those product attributes that are unable to be classified within their specific market; e.g. goat&apos;s cheese - goat&apos;s cheeses is often generically labelled and cannot be further classified."/>
<attValue code="30002518" text="UNIDENTIFIED" definition="This term is used to describe those product attributes that are unidentifiable given existing or available product information."/>
<attValue code="30016336" text="YOUNG ADULT" definition=""/>
</attType>
<attType code="20003037" text="Fiction/Non-Fiction" definition="Indicates, with reference to the product branding, labelling or packaging, the descriptive term that is used by the product manufacturer to identify whether the product is fiction or non-fiction.">
<attValue code="30007070" text="FICTION" definition=""/>
<attValue code="30007071" text="NON FICTION" definition=""/>
<attValue code="30002515" text="UNCLASSIFIED" definition="This term is used to describe those product attributes that are unable to be classified within their specific market; e.g. goat&apos;s cheese - goat&apos;s cheeses is often generically labelled and cannot be further classified."/>
<attValue code="30002518" text="UNIDENTIFIED" definition="This term is used to describe those product attributes that are unidentifiable given existing or available product information."/>
</attType>
<attType code="20002048" text="Format" definition="Indicates, with reference to the product branding, labelling or packaging, the descriptive term that is used by the product manufacturer to identify the product format.">
<attValue code="30011007" text="AUDIO CASSETTE" definition=""/>
<attValue code="30011008" text="AUDIO CD" definition=""/>
<attValue code="30011001" text="DOWNLOADABLE" definition=""/>
<attValue code="30011006" text="MP3 ON DISK" definition=""/>
<attValue code="30002515" text="UNCLASSIFIED" definition="This term is used to describe those product attributes that are unable to be classified within their specific market; e.g. goat&apos;s cheese - goat&apos;s cheeses is often generically labelled and cannot be further classified."/>
<attValue code="30002518" text="UNIDENTIFIED" definition="This term is used to describe those product attributes that are unidentifiable given existing or available product information."/>
</attType>
<attType code="20000814" text="Frequency of Publication" definition="Indicates, with reference to the product branding, labelling or packaging, the descriptive term that is used by the product manufacturer to identify the frequency of publication.">
<attValue code="30010685" text="ANNUAL PUBLICATION" definition=""/>
<attValue code="30010684" text="BIENNIAL" definition="Products whose lifespan is typically two years."/>
<attValue code="30011014" text="BIMONTHLY" definition=""/>
<attValue code="30007074" text="BIWEEKLY PUBLICATION" definition=""/>
<attValue code="30011020" text="CONTINUOUSLY UPDATED" definition=""/>
<attValue code="30005730" text="DAILY" definition=""/>
<attValue code="30011023" text="IRREGULAR" definition=""/>
<attValue code="30004517" text="MONTHLY" definition=""/>
<attValue code="30007075" text="QUARTERLY" definition=""/>
<attValue code="30011015" text="SEMIANNUAL" definition=""/>
<attValue code="30011021" text="SEMIMONTHLY" definition=""/>
<attValue code="30011016" text="SEMIWEEKLY" definition=""/>
<attValue code="30011019" text="THREE TIMES A MONTH" definition=""/>
<attValue code="30011018" text="THREE TIMES A WEEK" definition=""/>
<attValue code="30011022" text="THREE TIMES A YEAR" definition=""/>
<attValue code="30011017" text="TRIENNIAL" definition=""/>
<attValue code="30002515" text="UNCLASSIFIED" definition="This term is used to describe those product attributes that are unable to be classified within their specific market; e.g. goat&apos;s cheese - goat&apos;s cheeses is often generically labelled and cannot be further classified."/>
<attValue code="30002518" text="UNIDENTIFIED" definition="This term is used to describe those product attributes that are unidentifiable given existing or available product information."/>
<attValue code="30005294" text="WEEKLY" definition=""/>
</attType>
<attType code="20001210" text="Genre" definition="Indicates, with reference to the product branding, labelling or packaging, the descriptive term that is used by the product manufacturer to identify the genre or subject matter.">
<attValue code="30010590" text="ACTION/ADVENTURE" definition=""/>
<attValue code="30017767" text="ANTHOLOGY" definition=""/>
<attValue code="30017768" text="ART" definition=""/>
<attValue code="30010594" text="BIOGRAPHY/AUTOBIOGRAPHY" definition=""/>
<attValue code="30017770" text="COMIC" definition=""/>
<attValue code="30017771" text="COOKBOOK" definition=""/>
<attValue code="30017772" text="DIARY" definition=""/>
<attValue code="30007655" text="DICTIONARY" definition=""/>
<attValue code="30010591" text="DRAMA" definition=""/>
<attValue code="30017773" text="ENCYCLOPEDIA" definition=""/>
<attValue code="30017774" text="ENTERTAINMENT" definition=""/>
<attValue code="30017775" text="FANTASY" definition=""/>
<attValue code="30017776" text="GUIDE" definition=""/>
<attValue code="30008016" text="HEALTH/FITNESS" definition=""/>
<attValue code="30017778" text="HISTORY" definition=""/>
<attValue code="30008011" text="HORROR" definition=""/>
<attValue code="30017779" text="HUMOUR" definition=""/>
<attValue code="30017780" text="INSTRUCTIONAL" definition=""/>
<attValue code="30017781" text="MATH" definition=""/>
<attValue code="30017782" text="MYSTERY" definition=""/>
<attValue code="30017783" text="POETRY" definition=""/>
<attValue code="30017784" text="PROFESSIONAL PUBLICATION" definition=""/>
<attValue code="30017785" text="RELIGION, SPIRITUALITY AND NEW AGE" definition=""/>
<attValue code="30010589" text="ROMANCE" definition=""/>
<attValue code="30017786" text="SATIRE" definition=""/>
<attValue code="30007069" text="SCIENCE" definition=""/>
<attValue code="30010588" text="SCIENCE FICTION" definition=""/>
<attValue code="30017787" text="SELF HELP" definition=""/>
<attValue code="30007931" text="TRAVEL" definition=""/>
<attValue code="30002515" text="UNCLASSIFIED" definition="This term is used to describe those product attributes that are unable to be classified within their specific market; e.g. goat&apos;s cheese - goat&apos;s cheeses is often generically labelled and cannot be further classified."/>
<attValue code="30002518" text="UNIDENTIFIED" definition="This term is used to describe those product attributes that are unidentifiable given existing or available product information."/>
</attType>
</brick>
<brick code="10000927" text="Digital Periodical Content" definition="Includes any products that can be described/observed as a magazine, newspaper or journal in an electronic format. Typically, these products are produced at regular and irregular intervals. Includes periodicals downloadable from the internet and periodicals available on disk. Excludes products such as Printed Periodicals, Audio Periodicals and Electronic Books.">
<attType code="20000045" text="Consumer Lifestage" definition="Indicates, with reference to the product branding, labelling or packaging, the descriptive term that is used by the product manufacturer to identify the period or stage in the consumer&apos;s life during which the product is considered to be suitable.">
<attValue code="30000147" text="ADULT" definition=""/>
<attValue code="30000164" text="ALL AGES" definition=""/>
<attValue code="30000628" text="CHILD" definition=""/>
<attValue code="30004297" text="TEENAGER" definition=""/>
<attValue code="30010989" text="TEENAGER/YOUNG ADULT" definition=""/>
<attValue code="30002515" text="UNCLASSIFIED" definition="This term is used to describe those product attributes that are unable to be classified within their specific market; e.g. goat&apos;s cheese - goat&apos;s cheeses is often generically labelled and cannot be further classified."/>
<attValue code="30002518" text="UNIDENTIFIED" definition="This term is used to describe those product attributes that are unidentifiable given existing or available product information."/>
<attValue code="30016336" text="YOUNG ADULT" definition=""/>
</attType>
<attType code="20003037" text="Fiction/Non-Fiction" definition="Indicates, with reference to the product branding, labelling or packaging, the descriptive term that is used by the product manufacturer to identify whether the product is fiction or non-fiction.">
<attValue code="30007070" text="FICTION" definition=""/>
<attValue code="30007071" text="NON FICTION" definition=""/>
<attValue code="30002515" text="UNCLASSIFIED" definition="This term is used to describe those product attributes that are unable to be classified within their specific market; e.g. goat&apos;s cheese - goat&apos;s cheeses is often generically labelled and cannot be further classified."/>
<attValue code="30002518" text="UNIDENTIFIED" definition="This term is used to describe those product attributes that are unidentifiable given existing or available product information."/>
</attType>
<attType code="20002048" text="Format" definition="Indicates, with reference to the product branding, labelling or packaging, the descriptive term that is used by the product manufacturer to identify the product format.">
<attValue code="30011001" text="DOWNLOADABLE" definition=""/>
<attValue code="30011002" text="ON DISK" definition=""/>
<attValue code="30002515" text="UNCLASSIFIED" definition="This term is used to describe those product attributes that are unable to be classified within their specific market; e.g. goat&apos;s cheese - goat&apos;s cheeses is often generically labelled and cannot be further classified."/>
<attValue code="30002518" text="UNIDENTIFIED" definition="This term is used to describe those product attributes that are unidentifiable given existing or available product information."/>
</attType>
<attType code="20000814" text="Frequency of Publication" definition="Indicates, with reference to the product branding, labelling or packaging, the descriptive term that is used by the product manufacturer to identify the frequency of publication.">
<attValue code="30010685" text="ANNUAL PUBLICATION" definition=""/>
<attValue code="30010684" text="BIENNIAL" definition="Products whose lifespan is typically two years."/>
<attValue code="30011014" text="BIMONTHLY" definition=""/>
<attValue code="30007074" text="BIWEEKLY PUBLICATION" definition=""/>
<attValue code="30011020" text="CONTINUOUSLY UPDATED" definition=""/>
<attValue code="30005730" text="DAILY" definition=""/>
<attValue code="30011023" text="IRREGULAR" definition=""/>
<attValue code="30004517" text="MONTHLY" definition=""/>
<attValue code="30007075" text="QUARTERLY" definition=""/>
<attValue code="30011015" text="SEMIANNUAL" definition=""/>
<attValue code="30011021" text="SEMIMONTHLY" definition=""/>
<attValue code="30011016" text="SEMIWEEKLY" definition=""/>
<attValue code="30011019" text="THREE TIMES A MONTH" definition=""/>
<attValue code="30011018" text="THREE TIMES A WEEK" definition=""/>
<attValue code="30011022" text="THREE TIMES A YEAR" definition=""/>
<attValue code="30011017" text="TRIENNIAL" definition=""/>
<attValue code="30002515" text="UNCLASSIFIED" definition="This term is used to describe those product attributes that are unable to be classified within their specific market; e.g. goat&apos;s cheese - goat&apos;s cheeses is often generically labelled and cannot be further classified."/>
<attValue code="30002518" text="UNIDENTIFIED" definition="This term is used to describe those product attributes that are unidentifiable given existing or available product information."/>
<attValue code="30005294" text="WEEKLY" definition=""/>
</attType>
<attType code="20001210" text="Genre" definition="Indicates, with reference to the product branding, labelling or packaging, the descriptive term that is used by the product manufacturer to identify the genre or subject matter.">
<attValue code="30010590" text="ACTION/ADVENTURE" definition=""/>
<attValue code="30017767" text="ANTHOLOGY" definition=""/>
<attValue code="30017768" text="ART" definition=""/>
<attValue code="30010594" text="BIOGRAPHY/AUTOBIOGRAPHY" definition=""/>
<attValue code="30017770" text="COMIC" definition=""/>
<attValue code="30017771" text="COOKBOOK" definition=""/>
<attValue code="30017772" text="DIARY" definition=""/>
<attValue code="30007655" text="DICTIONARY" definition=""/>
<attValue code="30010591" text="DRAMA" definition=""/>
<attValue code="30017773" text="ENCYCLOPEDIA" definition=""/>
<attValue code="30017774" text="ENTERTAINMENT" definition=""/>
<attValue code="30017775" text="FANTASY" definition=""/>
<attValue code="30017776" text="GUIDE" definition=""/>
<attValue code="30008016" text="HEALTH/FITNESS" definition=""/>
<attValue code="30017778" text="HISTORY" definition=""/>
<attValue code="30008011" text="HORROR" definition=""/>
<attValue code="30017779" text="HUMOUR" definition=""/>
<attValue code="30017780" text="INSTRUCTIONAL" definition=""/>
<attValue code="30017781" text="MATH" definition=""/>
<attValue code="30017782" text="MYSTERY" definition=""/>
<attValue code="30017783" text="POETRY" definition=""/>
<attValue code="30017784" text="PROFESSIONAL PUBLICATION" definition=""/>
<attValue code="30017785" text="RELIGION, SPIRITUALITY AND NEW AGE" definition=""/>
<attValue code="30010589" text="ROMANCE" definition=""/>
<attValue code="30017786" text="SATIRE" definition=""/>
<attValue code="30007069" text="SCIENCE" definition=""/>
<attValue code="30010588" text="SCIENCE FICTION" definition=""/>
<attValue code="30017787" text="SELF HELP" definition=""/>
<attValue code="30007931" text="TRAVEL" definition=""/>
<attValue code="30002515" text="UNCLASSIFIED" definition="This term is used to describe those product attributes that are unable to be classified within their specific market; e.g. goat&apos;s cheese - goat&apos;s cheeses is often generically labelled and cannot be further classified."/>
<attValue code="30002518" text="UNIDENTIFIED" definition="This term is used to describe those product attributes that are unidentifiable given existing or available product information."/>
</attType>
</brick>
<brick code="10004108" text="Periodicals Variety Packs" definition="Includes any products than can be described/observed as two or more periodicals products sold together, which exist within the schema belonging to different bricks but to the same class, that is two or more products contained within the same pack which cross bricks within the Periodicals class. Includes products such as a Printed Periodical and an Electronic Periodical sold together. Items that are received free with purchases should be removed from the classification decision-making process. Excludes products such as Printed Periodicals and Printed Books Variety Packs.">
</brick>
<brick code="10000928" text="Printed Periodicals" definition="Includes any products that can be described/observed as a magazine, newspaper or journal that is typically published at regular and irregular intervals in print format. Includes all types of non-electronic periodicals published over a wide range of periodic frequencies. Excludes products such as Electronic Periodicals, Audio Periodicals and Printed and Electronic Books.">
<attType code="20000045" text="Consumer Lifestage" definition="Indicates, with reference to the product branding, labelling or packaging, the descriptive term that is used by the product manufacturer to identify the period or stage in the consumer&apos;s life during which the product is considered to be suitable.">
<attValue code="30000147" text="ADULT" definition=""/>
<attValue code="30000164" text="ALL AGES" definition=""/>
<attValue code="30000628" text="CHILD" definition=""/>
<attValue code="30004297" text="TEENAGER" definition=""/>
<attValue code="30010989" text="TEENAGER/YOUNG ADULT" definition=""/>
<attValue code="30002515" text="UNCLASSIFIED" definition="This term is used to describe those product attributes that are unable to be classified within their specific market; e.g. goat&apos;s cheese - goat&apos;s cheeses is often generically labelled and cannot be further classified."/>
<attValue code="30002518" text="UNIDENTIFIED" definition="This term is used to describe those product attributes that are unidentifiable given existing or available product information."/>
<attValue code="30016336" text="YOUNG ADULT" definition=""/>
</attType>
<attType code="20003037" text="Fiction/Non-Fiction" definition="Indicates, with reference to the product branding, labelling or packaging, the descriptive term that is used by the product manufacturer to identify whether the product is fiction or non-fiction.">
<attValue code="30007070" text="FICTION" definition=""/>
<attValue code="30007071" text="NON FICTION" definition=""/>
<attValue code="30002515" text="UNCLASSIFIED" definition="This term is used to describe those product attributes that are unable to be classified within their specific market; e.g. goat&apos;s cheese - goat&apos;s cheeses is often generically labelled and cannot be further classified."/>
<attValue code="30002518" text="UNIDENTIFIED" definition="This term is used to describe those product attributes that are unidentifiable given existing or available product information."/>
</attType>
<attType code="20000814" text="Frequency of Publication" definition="Indicates, with reference to the product branding, labelling or packaging, the descriptive term that is used by the product manufacturer to identify the frequency of publication.">
<attValue code="30010685" text="ANNUAL PUBLICATION" definition=""/>
<attValue code="30010684" text="BIENNIAL" definition="Products whose lifespan is typically two years."/>
<attValue code="30011014" text="BIMONTHLY" definition=""/>
<attValue code="30007074" text="BIWEEKLY PUBLICATION" definition=""/>
<attValue code="30011020" text="CONTINUOUSLY UPDATED" definition=""/>
<attValue code="30005730" text="DAILY" definition=""/>
<attValue code="30011023" text="IRREGULAR" definition=""/>
<attValue code="30004517" text="MONTHLY" definition=""/>
<attValue code="30007075" text="QUARTERLY" definition=""/>
<attValue code="30011015" text="SEMIANNUAL" definition=""/>
<attValue code="30011021" text="SEMIMONTHLY" definition=""/>
<attValue code="30011016" text="SEMIWEEKLY" definition=""/>
<attValue code="30011019" text="THREE TIMES A MONTH" definition=""/>
<attValue code="30011018" text="THREE TIMES A WEEK" definition=""/>
<attValue code="30011022" text="THREE TIMES A YEAR" definition=""/>
<attValue code="30011017" text="TRIENNIAL" definition=""/>
<attValue code="30002515" text="UNCLASSIFIED" definition="This term is used to describe those product attributes that are unable to be classified within their specific market; e.g. goat&apos;s cheese - goat&apos;s cheeses is often generically labelled and cannot be further classified."/>
<attValue code="30002518" text="UNIDENTIFIED" definition="This term is used to describe those product attributes that are unidentifiable given existing or available product information."/>
<attValue code="30005294" text="WEEKLY" definition=""/>
</attType>
<attType code="20001210" text="Genre" definition="Indicates, with reference to the product branding, labelling or packaging, the descriptive term that is used by the product manufacturer to identify the genre or subject matter.">
<attValue code="30010590" text="ACTION/ADVENTURE" definition=""/>
<attValue code="30017767" text="ANTHOLOGY" definition=""/>
<attValue code="30017768" text="ART" definition=""/>
<attValue code="30010594" text="BIOGRAPHY/AUTOBIOGRAPHY" definition=""/>
<attValue code="30017770" text="COMIC" definition=""/>
<attValue code="30017771" text="COOKBOOK" definition=""/>
<attValue code="30017772" text="DIARY" definition=""/>
<attValue code="30007655" text="DICTIONARY" definition=""/>
<attValue code="30010591" text="DRAMA" definition=""/>
<attValue code="30017773" text="ENCYCLOPEDIA" definition=""/>
<attValue code="30017774" text="ENTERTAINMENT" definition=""/>
<attValue code="30017775" text="FANTASY" definition=""/>
<attValue code="30017776" text="GUIDE" definition=""/>
<attValue code="30008016" text="HEALTH/FITNESS" definition=""/>
<attValue code="30017778" text="HISTORY" definition=""/>
<attValue code="30008011" text="HORROR" definition=""/>
<attValue code="30017779" text="HUMOUR" definition=""/>
<attValue code="30017780" text="INSTRUCTIONAL" definition=""/>
<attValue code="30017781" text="MATH" definition=""/>
<attValue code="30017782" text="MYSTERY" definition=""/>
<attValue code="30017783" text="POETRY" definition=""/>
<attValue code="30017784" text="PROFESSIONAL PUBLICATION" definition=""/>
<attValue code="30017785" text="RELIGION, SPIRITUALITY AND NEW AGE" definition=""/>
<attValue code="30010589" text="ROMANCE" definition=""/>
<attValue code="30017786" text="SATIRE" definition=""/>
<attValue code="30007069" text="SCIENCE" definition=""/>
<attValue code="30010588" text="SCIENCE FICTION" definition=""/>
<attValue code="30017787" text="SELF HELP" definition=""/>
<attValue code="30007931" text="TRAVEL" definition=""/>
<attValue code="30002515" text="UNCLASSIFIED" definition="This term is used to describe those product attributes that are unable to be classified within their specific market; e.g. goat&apos;s cheese - goat&apos;s cheeses is often generically labelled and cannot be further classified."/>
<attValue code="30002518" text="UNIDENTIFIED" definition="This term is used to describe those product attributes that are unidentifiable given existing or available product information."/>
</attType>
<attType code="20002930" text="Type of Activity Book/Periodical" definition="Includes any book/ periodical that is activity based. Includes products such as colouring books, sticker books, pop-up books.">
<attValue code="30007795" text="AUDIO" definition=""/>
<attValue code="30008146" text="BRICK PUZZLE" definition=""/>
<attValue code="30016306" text="COLOURING/PAINTING" definition=""/>
<attValue code="30000720" text="COMBINATION" definition=""/>
<attValue code="30011517" text="CROSSWORD PUZZLE" definition=""/>
<attValue code="30008148" text="JIGSAW PUZZLE" definition=""/>
<attValue code="30008149" text="MATHEMATICAL PUZZLE" definition=""/>
<attValue code="30001694" text="NONE" definition=""/>
<attValue code="30009314" text="POP UP" definition=""/>
<attValue code="30007647" text="REFERENCE" definition=""/>
<attValue code="30006993" text="SMELL" definition=""/>
<attValue code="30016307" text="STICKERS" definition=""/>
<attValue code="30016308" text="TACTILE" definition=""/>
<attValue code="30002515" text="UNCLASSIFIED" definition="This term is used to describe those product attributes that are unable to be classified within their specific market; e.g. goat&apos;s cheese - goat&apos;s cheeses is often generically labelled and cannot be further classified."/>
<attValue code="30002518" text="UNIDENTIFIED" definition="This term is used to describe those product attributes that are unidentifiable given existing or available product information."/>
</attType>
</brick>
</class>
<class code="60010400" text="Maps" definition="">
<brick code="10004106" text="Electronic Maps" definition="Includes any products that can be described/observed as a representation of the earth&apos;s surface or sub-structure, or a part of thereof, drawn to scale and available in electronic format. Also includes astronomical charts available in electronic format. Includes products such as maps that can be downloaded from the internet or maps available on disk. Excludes Printed Maps.">
<attType code="20000045" text="Consumer Lifestage" definition="Indicates, with reference to the product branding, labelling or packaging, the descriptive term that is used by the product manufacturer to identify the period or stage in the consumer&apos;s life during which the product is considered to be suitable.">
<attValue code="30000147" text="ADULT" definition=""/>
<attValue code="30000164" text="ALL AGES" definition=""/>
<attValue code="30000628" text="CHILD" definition=""/>
<attValue code="30010989" text="TEENAGER/YOUNG ADULT" definition=""/>
<attValue code="30002515" text="UNCLASSIFIED" definition="This term is used to describe those product attributes that are unable to be classified within their specific market; e.g. goat&apos;s cheese - goat&apos;s cheeses is often generically labelled and cannot be further classified."/>
<attValue code="30002518" text="UNIDENTIFIED" definition="This term is used to describe those product attributes that are unidentifiable given existing or available product information."/>
</attType>
<attType code="20002048" text="Format" definition="Indicates, with reference to the product branding, labelling or packaging, the descriptive term that is used by the product manufacturer to identify the product format.">
<attValue code="30011001" text="DOWNLOADABLE" definition=""/>
<attValue code="30011002" text="ON DISK" definition=""/>
<attValue code="30002515" text="UNCLASSIFIED" definition="This term is used to describe those product attributes that are unable to be classified within their specific market; e.g. goat&apos;s cheese - goat&apos;s cheeses is often generically labelled and cannot be further classified."/>
<attValue code="30002518" text="UNIDENTIFIED" definition="This term is used to describe those product attributes that are unidentifiable given existing or available product information."/>
</attType>
<attType code="20003038" text="Type of Map" definition="Indicates, with reference to the product branding, labelling or packaging, the descriptive term that is used by the product manufacturer to identify the type of map.">
<attValue code="30017788" text="ATLAS" definition=""/>
<attValue code="30017789" text="CLIMATIC MAP" definition=""/>
<attValue code="30017790" text="NAUTICAL CHART" definition=""/>
<attValue code="30017791" text="PHYSICAL MAP" definition=""/>
<attValue code="30017792" text="POLITICAL MAP" definition=""/>
<attValue code="30017793" text="RELIEF MAP" definition=""/>
<attValue code="30017794" text="STREET MAP" definition=""/>
<attValue code="30017795" text="THEMATIC MAP" definition=""/>
<attValue code="30002515" text="UNCLASSIFIED" definition="This term is used to describe those product attributes that are unable to be classified within their specific market; e.g. goat&apos;s cheese - goat&apos;s cheeses is often generically labelled and cannot be further classified."/>
<attValue code="30002518" text="UNIDENTIFIED" definition="This term is used to describe those product attributes that are unidentifiable given existing or available product information."/>
<attValue code="30017796" text="WEATHER MAP" definition=""/>
<attValue code="30017797" text="WORLD MAP" definition=""/>
</attType>
</brick>
<brick code="10004105" text="Printed Maps" definition="Includes any products that can be described/observed as a printed representation of the earth&apos;s surface or sub-structure, or a part thereof, drawn to scale. Also includes astronomical charts and planispheres. Includes products such as a rolled or flat map, or a map represented in globe form. Excludes Electronic Maps.">
<attType code="20000045" text="Consumer Lifestage" definition="Indicates, with reference to the product branding, labelling or packaging, the descriptive term that is used by the product manufacturer to identify the period or stage in the consumer&apos;s life during which the product is considered to be suitable.">
<attValue code="30000147" text="ADULT" definition=""/>
<attValue code="30000164" text="ALL AGES" definition=""/>
<attValue code="30000628" text="CHILD" definition=""/>
<attValue code="30010989" text="TEENAGER/YOUNG ADULT" definition=""/>
<attValue code="30002515" text="UNCLASSIFIED" definition="This term is used to describe those product attributes that are unable to be classified within their specific market; e.g. goat&apos;s cheese - goat&apos;s cheeses is often generically labelled and cannot be further classified."/>
<attValue code="30002518" text="UNIDENTIFIED" definition="This term is used to describe those product attributes that are unidentifiable given existing or available product information."/>
</attType>
<attType code="20002048" text="Format" definition="Indicates, with reference to the product branding, labelling or packaging, the descriptive term that is used by the product manufacturer to identify the product format.">
<attValue code="30006692" text="FOLDED" definition=""/>
<attValue code="30011010" text="GLOBE" definition=""/>
<attValue code="30014470" text="POP-UP/3D GRAPHICS" definition=""/>
<attValue code="30011011" text="ROLLED/FLAT" definition=""/>
<attValue code="30002515" text="UNCLASSIFIED" definition="This term is used to describe those product attributes that are unable to be classified within their specific market; e.g. goat&apos;s cheese - goat&apos;s cheeses is often generically labelled and cannot be further classified."/>
<attValue code="30002518" text="UNIDENTIFIED" definition="This term is used to describe those product attributes that are unidentifiable given existing or available product information."/>
</attType>
<attType code="20003038" text="Type of Map" definition="Indicates, with reference to the product branding, labelling or packaging, the descriptive term that is used by the product manufacturer to identify the type of map.">
<attValue code="30017788" text="ATLAS" definition=""/>
<attValue code="30017789" text="CLIMATIC MAP" definition=""/>
<attValue code="30017790" text="NAUTICAL CHART" definition=""/>
<attValue code="30017791" text="PHYSICAL MAP" definition=""/>
<attValue code="30017792" text="POLITICAL MAP" definition=""/>
<attValue code="30017793" text="RELIEF MAP" definition=""/>
<attValue code="30017794" text="STREET MAP" definition=""/>
<attValue code="30017795" text="THEMATIC MAP" definition=""/>
<attValue code="30002515" text="UNCLASSIFIED" definition="This term is used to describe those product attributes that are unable to be classified within their specific market; e.g. goat&apos;s cheese - goat&apos;s cheeses is often generically labelled and cannot be further classified."/>
<attValue code="30002518" text="UNIDENTIFIED" definition="This term is used to describe those product attributes that are unidentifiable given existing or available product information."/>
<attValue code="30017796" text="WEATHER MAP" definition=""/>
<attValue code="30017797" text="WORLD MAP" definition=""/>
</attType>
</brick>
</class>
</family>
</segment>
</schema></gpc:gs1Schema></eanucc:message></sh:StandardBusinessDocument>
