<?xml version="1.0" encoding="UTF-8"?> <sh:StandardBusinessDocument xmlns:sh="http://www.unece.org/cefact/namespaces/StandardBusinessDocumentHeader" xmlns:eanucc="urn:ean.ucc:2" xmlns:gpc="urn:ean.ucc:gpc:2" xmlns:xsi="http://www.w3.org/2001/XMLSchema-instance" xsi:schemaLocation="http://www.unece.org/cefact/namespaces/StandardBusinessDocumentHeader ../Schemas/sbdh/StandardBusinessDocumentHeader.xsd urn:ean.ucc:2 ../Schemas/Gs1SchemaProxy.xsd"> 	<sh:StandardBusinessDocumentHeader> 		<sh:HeaderVersion>2.2</sh:HeaderVersion> 		<sh:Sender> 			<sh:Identifier Authority="GS1">0000000000000</sh:Identifier> 			<sh:ContactInformation> 				<sh:Contact>Mike Mowad</sh:Contact> 				<sh:EmailAddress>gsmp@gs1.org</sh:EmailAddress> 				<sh:FaxNumber>+1 609-557-4599</sh:FaxNumber> 				<sh:TelephoneNumber>+1 609-557-4568</sh:TelephoneNumber> 				<sh:ContactTypeIdentifier></sh:ContactTypeIdentifier> 			</sh:ContactInformation> 		</sh:Sender> 		<sh:Receiver> 			<sh:Identifier Authority="GS1">0000000000000</sh:Identifier> 			<sh:ContactInformation> 				<sh:Contact>Mike Mowad</sh:Contact> 				<sh:EmailAddress>gsmp@gs1.org</sh:EmailAddress> 				<sh:FaxNumber>+1 609-557-4599</sh:FaxNumber> 				<sh:TelephoneNumber>+1 609-557-4568</sh:TelephoneNumber> 				<sh:ContactTypeIdentifier></sh:ContactTypeIdentifier> 			</sh:ContactInformation> 		</sh:Receiver> 		<sh:DocumentIdentification> 			<sh:Standard>GS1</sh:Standard> 			<sh:TypeVersion>2.0.2</sh:TypeVersion> 			<sh:InstanceIdentifier>100003</sh:InstanceIdentifier> 			<sh:Type>Gs1Delta</sh:Type> 			<sh:MultipleType>false</sh:MultipleType> 			<sh:CreationDateAndTime>2005-09-19T12:00:01.000</sh:CreationDateAndTime> 		</sh:DocumentIdentification> 	</sh:StandardBusinessDocumentHeader> 	<eanucc:message> 		<entityIdentification> 			<uniqueCreatorIdentification>MSG-123-20050919</uniqueCreatorIdentification> 			<contentOwner> 				<gln>0000000000000</gln> 			</contentOwner> 		</entityIdentification> 		<gpc:gs1Delta xsi:schemaLocation="urn:ean.ucc:2 ../Schemas/Gs1SchemaProxy.xsd"> <delta> <currentVersion>as at 01122020 EN</currentVersion> <previousVersion>as at 01062020 EN</previousVersion> <deleteSunsetDate></deleteSunsetDate>
<additions>
<attributeValueLevel>
<segment code="53000000" text="Beauty/Personal Care/Hygiene" definition="">
<family code="53180000" text="Personal Hygiene Products" definition="">
<class code="53181500" text="Oral Hygiene" definition="">
<brick code="10000383" text="Dental Cleansing" definition="Includes any products that can be described/observed as a cream, gel, liquid, paste or wipe specifically designed to clean natural teeth and typically intended to be used with a toothbrush and water to assist the removal of dental plaque and to help to prevent tooth decay and gum disease. Products may claim specific formulations to combat tartar or for use by smokers.... Excludes products such as Breath Freshener, Mouth Rinse, Denture Cleansers and Gum Specific Creams.">
<attType code="20000352" text="Formation" definition="Indicates, with reference to the product branding, labelling or packaging, the descriptive term that is used by the product manufacturer to identify the state in which the product is sold.">
<attValue code="30000612" text="CHEWING GUM" definition=""/>
</attType>
</brick>
</class>
</family>
</segment>
<segment code="53000000" text="Beauty/Personal Care/Hygiene" definition="">
<family code="53130000" text="Skin Products" definition="">
<class code="53131200" text="Skin Tanning Products" definition="">
<brick code="10000355" text="Sunless Tanning - Topical (Non Powered)" definition="Includes any products that can be described/observed as a non-powered topical preparation or device specifically designed for artificial skin tanning, and typically intended to create a tanned appearance without the need for exposure to the sun. Includes topical application products (such as creams or lotions) which &quot;dye&quot; the skin. These products often contain the active ingredient dihydroxyacetone (DHA), which reacts with skin&apos;s proteins (amino acids) in the outer layers of the skin to produce a browning effect. Specifically excludes all oral sunless tanning products, all powered devices used for artificial skin tanning such as sun beds and sun lamps, and all body cosmetics such as bronzers which are applied to the surface of the skin to provide the illusion of a suntan. Excludes products such as Oral Sunless Tanning products, powered devices for Sunless Skin Tanning, Body Cosmetics such as Bronzers and Face Cosmetics such as Tinted Foundations, Powders and Moisturisers.">
<attType code="20000352" text="Formation" definition="Indicates, with reference to the product branding, labelling or packaging, the descriptive term that is used by the product manufacturer to identify the state in which the product is sold.">
<attValue code="30001448" text="LIQUID" definition=""/>
</attType>
</brick>
</class>
</family>
</segment>
<segment code="53000000" text="Beauty/Personal Care/Hygiene" definition="">
<family code="53180000" text="Personal Hygiene Products" definition="">
<class code="53181500" text="Oral Hygiene" definition="">
<brick code="10000383" text="Dental Cleansing" definition="Includes any products that can be described/observed as a cream, gel, liquid, paste or wipe specifically designed to clean natural teeth and typically intended to be used with a toothbrush and water to assist the removal of dental plaque and to help to prevent tooth decay and gum disease. Products may claim specific formulations to combat tartar or for use by smokers.... Excludes products such as Breath Freshener, Mouth Rinse, Denture Cleansers and Gum Specific Creams.">
<attType code="20000352" text="Formation" definition="Indicates, with reference to the product branding, labelling or packaging, the descriptive term that is used by the product manufacturer to identify the state in which the product is sold.">
<attValue code="30001448" text="LIQUID" definition=""/>
</attType>
</brick>
</class>
</family>
</segment>
<segment code="53000000" text="Beauty/Personal Care/Hygiene" definition="">
<family code="53140000" text="Hair Products" definition="">
<class code="53141100" text="Hair Care Products" definition="">
<brick code="10000346" text="Hair - Conditioner/Treatment" definition="Includes any products that can be described/observed as a preparation specifically designed to treat or condition the hair, and typically intended to be massaged in to wet or dry hair and is allowed to remain or then rinsed away. Typically these products leave the hair soft and manageable. Products may claim to have formulations such as anti-dry scalp, oil reduction, enhanced shine or de-tangling properties. Excludes Products such as Hair Cleaning Shampoo, 2 in 1 combinations of Shampoo and Conditioner, Styling Products that claim to condition and Hair Colourants and Medicated Conditioners.">
<attType code="20000352" text="Formation" definition="Indicates, with reference to the product branding, labelling or packaging, the descriptive term that is used by the product manufacturer to identify the state in which the product is sold.">
<attValue code="30001717" text="OIL" definition=""/>
</attType>
</brick>
</class>
</family>
</segment>
<segment code="53000000" text="Beauty/Personal Care/Hygiene" definition="">
<family code="53130000" text="Skin Products" definition="">
<class code="53131100" text="Skin Care" definition="">
<brick code="10000332" text="Cleansers/Cosmetics Removers (Non Powered)" definition="Includes any products that can be described/observed as a non-powered preparation used on the face which is designed to cleanse/remove cosmetics from the skin. Products may claim to exfoliate or moisturise in addition to cleansing, and claim to have skin formulations such as hypoallergenic, added vitamins and lanolin. Includes products such as facial strips, gels and creams. Specifically excludes all powered cleansers and cosmetics removers such as facial saunas and any products whose primary purpose is exfoliating or moisturising. Excludes products such as Powered Cleansers and Cosmetics Removers, Body Cleansing/Washing products for use in the bath/shower, Anti-Spot Aids, Acne Treatments, Exfoliators, Moisturisers, Face Packs and Masks and Toilet, Bath and Shower Soap.">
<attType code="20000352" text="Formation" definition="Indicates, with reference to the product branding, labelling or packaging, the descriptive term that is used by the product manufacturer to identify the state in which the product is sold.">
<attValue code="30002265" text="SOLID" definition=""/>
</attType>
</brick>
</class>
</family>
</segment>
<segment code="53000000" text="Beauty/Personal Care/Hygiene" definition="">
<family code="53130000" text="Skin Products" definition="">
<class code="53131100" text="Skin Care" definition="">
<brick code="10000356" text="Skin Care/Moisturising Products" definition="Includes any products that can be described/observed as a product specifically designed for application to any part or combination of parts of the body, and intended to restore moisture to the skin and/or to treat and/or prevent facial wrinkles or dry skin conditions. Products may have additional claims such as moisturising, firming/toning, lifting, anti-cellulite, vitamin-enriched, sun-protection or antioxidant properties. Specifically excludes moisturisers, which are designed and marketed to be used after or during sun tanning sessions. Excludes products such as Body Talc, Cosmetics Removers/Cleansers, After Shave Care preparations and Skin Treatments that are specific to particular skin conditions such as eczema and acne.">
<attType code="20000352" text="Formation" definition="Indicates, with reference to the product branding, labelling or packaging, the descriptive term that is used by the product manufacturer to identify the state in which the product is sold.">
<attValue code="30002265" text="SOLID" definition=""/>
</attType>
</brick>
</class>
</family>
</segment>
<segment code="53000000" text="Beauty/Personal Care/Hygiene" definition="">
<family code="53130000" text="Skin Products" definition="">
<class code="53131200" text="Skin Tanning Products" definition="">
<brick code="10000373" text="Sun Protection Products" definition="Includes any products that can be described/observed as a preparation specifically designed for sun protection or use in conjunction with the sun and typically intended to be applied/sprayed directly onto to the skin prior to sun exposure. Products may claim formulations with moisturising or other additional properties. Excludes products such as Aftersun Products, Oral Tan Accelerators and Sunless Tanning Products.">
<attType code="20000352" text="Formation" definition="Indicates, with reference to the product branding, labelling or packaging, the descriptive term that is used by the product manufacturer to identify the state in which the product is sold.">
<attValue code="30002265" text="SOLID" definition=""/>
</attType>
</brick>
</class>
</family>
</segment>
<segment code="53000000" text="Beauty/Personal Care/Hygiene" definition="">
<family code="53130000" text="Skin Products" definition="">
<class code="53131300" text="Body Washing" definition="">
<brick code="10000328" text="Bath Additives" definition="Includes any products that can be described/observed as a preparation that is added to bath water so as to fragrance, relax, relieve aches and pains and/or to stimulate. Includes products which claim formulations such as foaming or fragrant properties and may sometimes contain essential oils. Specifically excludes all powered bath spa devices. Excludes products such as Bath Cleansing Soap Products, Essential Oils and Bathing Accessories.">
<attType code="20000352" text="Formation" definition="Indicates, with reference to the product branding, labelling or packaging, the descriptive term that is used by the product manufacturer to identify the state in which the product is sold.">
<attValue code="30002265" text="SOLID" definition=""/>
</attType>
</brick>
</class>
</family>
</segment>
<segment code="53000000" text="Beauty/Personal Care/Hygiene" definition="">
<family code="53140000" text="Hair Products" definition="">
<class code="53141100" text="Hair Care Products" definition="">
<brick code="10000381" text="Hair - Styling (Non Powered)" definition="Includes any products that can be described/observed as a non-powered preparation applied to the hair to style and hold. Products provide temporary styling and may be labelled according to the degree of hold they provide, such as &apos;regular&apos; or &apos;extra hold&apos;. Includes products such as preparations that may have additional formulation claims such as volumising, conditioning, and UV protection. Specifically excludes all powered hair styling products such as hairdryers and heated rollers. Excludes products such as Powered Hair Styling Products, Hair Perm products and Conditioners and non-powered styling aids such as brushes, curlers and rollers.">
<attType code="20000352" text="Formation" definition="Indicates, with reference to the product branding, labelling or packaging, the descriptive term that is used by the product manufacturer to identify the state in which the product is sold.">
<attValue code="30002265" text="SOLID" definition=""/>
</attType>
</brick>
</class>
</family>
</segment>
<segment code="53000000" text="Beauty/Personal Care/Hygiene" definition="">
<family code="53160000" text="Cosmetics/Fragrances" definition="">
<class code="53161000" text="Cosmetic Products" definition="">
<brick code="10000533" text="Cosmetics - Eyes" definition="Includes any products that can be described/observed as a cosmetic preparation or item specifically designed to enhance or decorate the appearance of the eyes. Includes eye shadow and eyebrow sticks. Specifically excludes false eyelashes. Excludes products such as General-Purpose Cosmetic Combination Packs, and Preparations not solely intended for the eyes.">
<attType code="20000352" text="Formation" definition="Indicates, with reference to the product branding, labelling or packaging, the descriptive term that is used by the product manufacturer to identify the state in which the product is sold.">
<attValue code="30002265" text="SOLID" definition=""/>
</attType>
</brick>
</class>
</family>
</segment>
<segment code="53000000" text="Beauty/Personal Care/Hygiene" definition="">
<family code="53160000" text="Cosmetics/Fragrances" definition="">
<class code="53161300" text="Fragrances" definition="">
<brick code="10000365" text="Fragrances" definition="Includes any products that can be described/observed as a fragrance containing fragrant natural oils extracted from flowers, wood or similar synthetic or infused oils. Usually sprayed or dabbed on the body in order to create a pleasant aroma or refresh the body and can have various levels of perfumed essences concentration. Includes products such as Eau de Toilette, Parfum and Eau de Cologne. Specifically includes Liquid Aftershave. Excludes products such as Fragranced Essences and Room Fragrances.">
<attType code="20000352" text="Formation" definition="Indicates, with reference to the product branding, labelling or packaging, the descriptive term that is used by the product manufacturer to identify the state in which the product is sold.">
<attValue code="30002265" text="SOLID" definition=""/>
</attType>
</brick>
</class>
</family>
</segment>
<segment code="53000000" text="Beauty/Personal Care/Hygiene" definition="">
<family code="53180000" text="Personal Hygiene Products" definition="">
<class code="53181500" text="Oral Hygiene" definition="">
<brick code="10000536" text="Breath Fresheners/Mouth Rinses" definition="Includes any products that can be described/observed as a flavoured, scented preparation, specifically designed to freshen the breath, and typically dispensed as a gum, lozenge or tablet, aerosol spray, mouth rinse or drop applicator. Excludes products such as Toothpaste, Mint Confectionery, and Throat Sweets.">
<attType code="20000352" text="Formation" definition="Indicates, with reference to the product branding, labelling or packaging, the descriptive term that is used by the product manufacturer to identify the state in which the product is sold.">
<attValue code="30002265" text="SOLID" definition=""/>
</attType>
</brick>
</class>
</family>
</segment>
<segment code="53000000" text="Beauty/Personal Care/Hygiene" definition="">
<family code="53130000" text="Skin Products" definition="">
<class code="53131100" text="Skin Care" definition="">
<brick code="10000356" text="Skin Care/Moisturising Products" definition="Includes any products that can be described/observed as a product specifically designed for application to any part or combination of parts of the body, and intended to restore moisture to the skin and/or to treat and/or prevent facial wrinkles or dry skin conditions. Products may have additional claims such as moisturising, firming/toning, lifting, anti-cellulite, vitamin-enriched, sun-protection or antioxidant properties. Specifically excludes moisturisers, which are designed and marketed to be used after or during sun tanning sessions. Excludes products such as Body Talc, Cosmetics Removers/Cleansers, After Shave Care preparations and Skin Treatments that are specific to particular skin conditions such as eczema and acne.">
<attType code="20003191" text="Product Usage Body Location" definition="Indicates, with reference to the product branding, labelling or packaging, the location of use relative to the body and its parts.">
<attValue code="30004009" text="LEGS" definition=""/>
</attType>
</brick>
</class>
</family>
</segment>
<segment code="53000000" text="Beauty/Personal Care/Hygiene" definition="">
<family code="53130000" text="Skin Products" definition="">
<class code="53131100" text="Skin Care" definition="">
<brick code="10000324" text="After Shave Care" definition="Includes any products that can be described/observed as a preparation, specifically designed to be applied to the skin after shaving, with the primary aim to soothe, moisturise and tone the skin, minimise irritation and discomfort rather than give a pleasant smell. Specifically excludes, fragrances, perfumes and hair removal care products, which primary purpose is to be applied prior or during shaving or depilation.. Excludes products such as Hair Removal Care Products, Skin Moisturisers, Fresheners and Toners.">
<attType code="20000312" text="Dispenser Type" definition="Indicates, with reference to the product branding, labelling or packaging, the descriptive term that is used by the product manufacturer to identify the type of dispenser holding the product.">
<attValue code="30004325" text="TUBE" definition=""/>
</attType>
</brick>
</class>
</family>
</segment>
<segment code="53000000" text="Beauty/Personal Care/Hygiene" definition="">
<family code="53130000" text="Skin Products" definition="">
<class code="53131100" text="Skin Care" definition="">
<brick code="10000356" text="Skin Care/Moisturising Products" definition="Includes any products that can be described/observed as a product specifically designed for application to any part or combination of parts of the body, and intended to restore moisture to the skin and/or to treat and/or prevent facial wrinkles or dry skin conditions. Products may have additional claims such as moisturising, firming/toning, lifting, anti-cellulite, vitamin-enriched, sun-protection or antioxidant properties. Specifically excludes moisturisers, which are designed and marketed to be used after or during sun tanning sessions. Excludes products such as Body Talc, Cosmetics Removers/Cleansers, After Shave Care preparations and Skin Treatments that are specific to particular skin conditions such as eczema and acne.">
<attType code="20003191" text="Product Usage Body Location" definition="Indicates, with reference to the product branding, labelling or packaging, the location of use relative to the body and its parts.">
<attValue code="30005436" text="CHEST (THORAX)" definition=""/>
</attType>
</brick>
</class>
</family>
</segment>
<segment code="53000000" text="Beauty/Personal Care/Hygiene" definition="">
<family code="53160000" text="Cosmetics/Fragrances" definition="">
<class code="53161000" text="Cosmetic Products" definition="">
<brick code="10000532" text="Cosmetics - Complexion" definition="Includes any products that can be described/observed as a cosmetic preparation or item specifically designed to enhance or decorate the appearance of the face complexion. Includes face foundation and blushers. Excludes products such as general-purpose individual or combination cosmetic products such as Tinted Moisturisers, Preparations not solely intended for the face and neck and Sunless Tanning products.">
<attType code="20000352" text="Formation" definition="Indicates, with reference to the product branding, labelling or packaging, the descriptive term that is used by the product manufacturer to identify the state in which the product is sold.">
<attValue code="30017267" text="MILK (COSMETICS)" definition=""/>
</attType>
</brick>
</class>
</family>
</segment>
<segment code="53000000" text="Beauty/Personal Care/Hygiene" definition="">
<family code="53130000" text="Skin Products" definition="">
<class code="53131200" text="Skin Tanning Products" definition="">
<brick code="10000355" text="Sunless Tanning - Topical (Non Powered)" definition="Includes any products that can be described/observed as a non-powered topical preparation or device specifically designed for artificial skin tanning, and typically intended to create a tanned appearance without the need for exposure to the sun. Includes topical application products (such as creams or lotions) which &quot;dye&quot; the skin. These products often contain the active ingredient dihydroxyacetone (DHA), which reacts with skin&apos;s proteins (amino acids) in the outer layers of the skin to produce a browning effect. Specifically excludes all oral sunless tanning products, all powered devices used for artificial skin tanning such as sun beds and sun lamps, and all body cosmetics such as bronzers which are applied to the surface of the skin to provide the illusion of a suntan. Excludes products such as Oral Sunless Tanning products, powered devices for Sunless Skin Tanning, Body Cosmetics such as Bronzers and Face Cosmetics such as Tinted Foundations, Powders and Moisturisers.">
<attType code="20000312" text="Dispenser Type" definition="Indicates, with reference to the product branding, labelling or packaging, the descriptive term that is used by the product manufacturer to identify the type of dispenser holding the product.">
<attValue code="30019043" text="JAR" definition=""/>
</attType>
</brick>
</class>
</family>
</segment>
<segment code="53000000" text="Beauty/Personal Care/Hygiene" definition="">
<family code="53160000" text="Cosmetics/Fragrances" definition="">
<class code="53161000" text="Cosmetic Products" definition="">
<brick code="10000532" text="Cosmetics - Complexion" definition="Includes any products that can be described/observed as a cosmetic preparation or item specifically designed to enhance or decorate the appearance of the face complexion. Includes face foundation and blushers. Excludes products such as general-purpose individual or combination cosmetic products such as Tinted Moisturisers, Preparations not solely intended for the face and neck and Sunless Tanning products.">
<attType code="20000637" text="Type of Cosmetics Complexion" definition="Indicates, with reference to the product branding, labelling or packaging, the descriptive term that is used by the product manufacturer to identify the different types of cosmetics that enhance the complexion.">
<attValue code="30019111" text="PERFECTOR" definition=""/>
</attType>
</brick>
</class>
</family>
</segment>
</attributeValueLevel>
</additions>
<additions_move>
</additions_move>
<additions_move_modify>
</additions_move_modify>
<modifications>
</modifications>
<deletions>
<attributeValueLevel>
<segment code="53000000" text="Beauty/Personal Care/Hygiene" definition="">
<family code="53180000" text="Personal Hygiene Products" definition="">
<class code="53181500" text="Oral Hygiene" definition="">
<brick code="10000383" text="Dental Cleansing" definition="Includes any products that can be described/observed as a cream, gel, liquid, paste or wipe specifically designed to clean natural teeth and typically intended to be used with a toothbrush and water to assist the removal of dental plaque and to help to prevent tooth decay and gum disease. Products may claim specific formulations to combat tartar or for use by smokers.... Excludes products such as Breath Freshener, Mouth Rinse, Denture Cleansers and Gum Specific Creams.">
<attType code="20000352" text="Formation" definition="Indicates, with reference to the product branding, labelling or packaging, the descriptive term that is used by the product manufacturer to identify the state in which the product is sold.">
<attValue code="30003920" text="FLUID" definition=""/>
</attType>
</brick>
</class>
</family>
</segment>
<segment code="53000000" text="Beauty/Personal Care/Hygiene" definition="">
<family code="53180000" text="Personal Hygiene Products" definition="">
<class code="53181500" text="Oral Hygiene" definition="">
<brick code="10000383" text="Dental Cleansing" definition="Includes any products that can be described/observed as a cream, gel, liquid, paste or wipe specifically designed to clean natural teeth and typically intended to be used with a toothbrush and water to assist the removal of dental plaque and to help to prevent tooth decay and gum disease. Products may claim specific formulations to combat tartar or for use by smokers.... Excludes products such as Breath Freshener, Mouth Rinse, Denture Cleansers and Gum Specific Creams.">
<attType code="20000352" text="Formation" definition="Indicates, with reference to the product branding, labelling or packaging, the descriptive term that is used by the product manufacturer to identify the state in which the product is sold.">
<attValue code="30005164" text="GUM" definition=""/>
</attType>
</brick>
</class>
</family>
</segment>
<segment code="53000000" text="Beauty/Personal Care/Hygiene" definition="">
<family code="53130000" text="Skin Products" definition="">
<class code="53131100" text="Skin Care" definition="">
<brick code="10000332" text="Cleansers/Cosmetics Removers (Non Powered)" definition="Includes any products that can be described/observed as a non-powered preparation used on the face which is designed to cleanse/remove cosmetics from the skin. Products may claim to exfoliate or moisturise in addition to cleansing, and claim to have skin formulations such as hypoallergenic, added vitamins and lanolin. Includes products such as facial strips, gels and creams. Specifically excludes all powered cleansers and cosmetics removers such as facial saunas and any products whose primary purpose is exfoliating or moisturising. Excludes products such as Powered Cleansers and Cosmetics Removers, Body Cleansing/Washing products for use in the bath/shower, Anti-Spot Aids, Acne Treatments, Exfoliators, Moisturisers, Face Packs and Masks and Toilet, Bath and Shower Soap.">
<attType code="20000352" text="Formation" definition="Indicates, with reference to the product branding, labelling or packaging, the descriptive term that is used by the product manufacturer to identify the state in which the product is sold.">
<attValue code="30012149" text="SOLID" definition=""/>
</attType>
</brick>
</class>
</family>
</segment>
<segment code="53000000" text="Beauty/Personal Care/Hygiene" definition="">
<family code="53130000" text="Skin Products" definition="">
<class code="53131100" text="Skin Care" definition="">
<brick code="10000356" text="Skin Care/Moisturising Products" definition="Includes any products that can be described/observed as a product specifically designed for application to any part or combination of parts of the body, and intended to restore moisture to the skin and/or to treat and/or prevent facial wrinkles or dry skin conditions. Products may have additional claims such as moisturising, firming/toning, lifting, anti-cellulite, vitamin-enriched, sun-protection or antioxidant properties. Specifically excludes moisturisers, which are designed and marketed to be used after or during sun tanning sessions. Excludes products such as Body Talc, Cosmetics Removers/Cleansers, After Shave Care preparations and Skin Treatments that are specific to particular skin conditions such as eczema and acne.">
<attType code="20000352" text="Formation" definition="Indicates, with reference to the product branding, labelling or packaging, the descriptive term that is used by the product manufacturer to identify the state in which the product is sold.">
<attValue code="30012149" text="SOLID" definition=""/>
</attType>
</brick>
</class>
</family>
</segment>
<segment code="53000000" text="Beauty/Personal Care/Hygiene" definition="">
<family code="53130000" text="Skin Products" definition="">
<class code="53131200" text="Skin Tanning Products" definition="">
<brick code="10000373" text="Sun Protection Products" definition="Includes any products that can be described/observed as a preparation specifically designed for sun protection or use in conjunction with the sun and typically intended to be applied/sprayed directly onto to the skin prior to sun exposure. Products may claim formulations with moisturising or other additional properties. Excludes products such as Aftersun Products, Oral Tan Accelerators and Sunless Tanning Products.">
<attType code="20000352" text="Formation" definition="Indicates, with reference to the product branding, labelling or packaging, the descriptive term that is used by the product manufacturer to identify the state in which the product is sold.">
<attValue code="30012149" text="SOLID" definition=""/>
</attType>
</brick>
</class>
</family>
</segment>
<segment code="53000000" text="Beauty/Personal Care/Hygiene" definition="">
<family code="53130000" text="Skin Products" definition="">
<class code="53131300" text="Body Washing" definition="">
<brick code="10000328" text="Bath Additives" definition="Includes any products that can be described/observed as a preparation that is added to bath water so as to fragrance, relax, relieve aches and pains and/or to stimulate. Includes products which claim formulations such as foaming or fragrant properties and may sometimes contain essential oils. Specifically excludes all powered bath spa devices. Excludes products such as Bath Cleansing Soap Products, Essential Oils and Bathing Accessories.">
<attType code="20000352" text="Formation" definition="Indicates, with reference to the product branding, labelling or packaging, the descriptive term that is used by the product manufacturer to identify the state in which the product is sold.">
<attValue code="30012149" text="SOLID" definition=""/>
</attType>
</brick>
</class>
</family>
</segment>
<segment code="53000000" text="Beauty/Personal Care/Hygiene" definition="">
<family code="53140000" text="Hair Products" definition="">
<class code="53141100" text="Hair Care Products" definition="">
<brick code="10000381" text="Hair - Styling (Non Powered)" definition="Includes any products that can be described/observed as a non-powered preparation applied to the hair to style and hold. Products provide temporary styling and may be labelled according to the degree of hold they provide, such as &apos;regular&apos; or &apos;extra hold&apos;. Includes products such as preparations that may have additional formulation claims such as volumising, conditioning, and UV protection. Specifically excludes all powered hair styling products such as hairdryers and heated rollers. Excludes products such as Powered Hair Styling Products, Hair Perm products and Conditioners and non-powered styling aids such as brushes, curlers and rollers.">
<attType code="20000352" text="Formation" definition="Indicates, with reference to the product branding, labelling or packaging, the descriptive term that is used by the product manufacturer to identify the state in which the product is sold.">
<attValue code="30012149" text="SOLID" definition=""/>
</attType>
</brick>
</class>
</family>
</segment>
<segment code="53000000" text="Beauty/Personal Care/Hygiene" definition="">
<family code="53160000" text="Cosmetics/Fragrances" definition="">
<class code="53161000" text="Cosmetic Products" definition="">
<brick code="10000533" text="Cosmetics - Eyes" definition="Includes any products that can be described/observed as a cosmetic preparation or item specifically designed to enhance or decorate the appearance of the eyes. Includes eye shadow and eyebrow sticks. Specifically excludes false eyelashes. Excludes products such as General-Purpose Cosmetic Combination Packs, and Preparations not solely intended for the eyes.">
<attType code="20000352" text="Formation" definition="Indicates, with reference to the product branding, labelling or packaging, the descriptive term that is used by the product manufacturer to identify the state in which the product is sold.">
<attValue code="30012149" text="SOLID" definition=""/>
</attType>
</brick>
</class>
</family>
</segment>
<segment code="53000000" text="Beauty/Personal Care/Hygiene" definition="">
<family code="53160000" text="Cosmetics/Fragrances" definition="">
<class code="53161300" text="Fragrances" definition="">
<brick code="10000365" text="Fragrances" definition="Includes any products that can be described/observed as a fragrance containing fragrant natural oils extracted from flowers, wood or similar synthetic or infused oils. Usually sprayed or dabbed on the body in order to create a pleasant aroma or refresh the body and can have various levels of perfumed essences concentration. Includes products such as Eau de Toilette, Parfum and Eau de Cologne. Specifically includes Liquid Aftershave. Excludes products such as Fragranced Essences and Room Fragrances.">
<attType code="20000352" text="Formation" definition="Indicates, with reference to the product branding, labelling or packaging, the descriptive term that is used by the product manufacturer to identify the state in which the product is sold.">
<attValue code="30012149" text="SOLID" definition=""/>
</attType>
</brick>
</class>
</family>
</segment>
<segment code="53000000" text="Beauty/Personal Care/Hygiene" definition="">
<family code="53180000" text="Personal Hygiene Products" definition="">
<class code="53181500" text="Oral Hygiene" definition="">
<brick code="10000536" text="Breath Fresheners/Mouth Rinses" definition="Includes any products that can be described/observed as a flavoured, scented preparation, specifically designed to freshen the breath, and typically dispensed as a gum, lozenge or tablet, aerosol spray, mouth rinse or drop applicator. Excludes products such as Toothpaste, Mint Confectionery, and Throat Sweets.">
<attType code="20000352" text="Formation" definition="Indicates, with reference to the product branding, labelling or packaging, the descriptive term that is used by the product manufacturer to identify the state in which the product is sold.">
<attValue code="30012149" text="SOLID" definition=""/>
</attType>
</brick>
</class>
</family>
</segment>
</attributeValueLevel>
</deletions>
<deletions_move>
</deletions_move>
</delta></gpc:gs1Delta></eanucc:message></sh:StandardBusinessDocument>
