<?xml version="1.0" encoding="UTF-8"?> <sh:StandardBusinessDocument xmlns:sh="http://www.unece.org/cefact/namespaces/StandardBusinessDocumentHeader" xmlns:eanucc="urn:ean.ucc:2" xmlns:gpc="urn:ean.ucc:gpc:2" xmlns:xsi="http://www.w3.org/2001/XMLSchema-instance" xsi:schemaLocation="http://www.unece.org/cefact/namespaces/StandardBusinessDocumentHeader ../Schemas/sbdh/StandardBusinessDocumentHeader.xsd urn:ean.ucc:2 ../Schemas/Gs1SchemaProxy.xsd"> 	<sh:StandardBusinessDocumentHeader> 		<sh:HeaderVersion>2.2</sh:HeaderVersion> 		<sh:Sender> 			<sh:Identifier Authority="GS1">0000000000000</sh:Identifier> 			<sh:ContactInformation> 				<sh:Contact>Mike Mowad</sh:Contact> 				<sh:EmailAddress>gsmp@gs1.org</sh:EmailAddress> 				<sh:FaxNumber>+1 609-557-4599</sh:FaxNumber> 				<sh:TelephoneNumber>+1 609-557-4568</sh:TelephoneNumber> 				<sh:ContactTypeIdentifier></sh:ContactTypeIdentifier> 			</sh:ContactInformation> 		</sh:Sender> 		<sh:Receiver> 			<sh:Identifier Authority="GS1">0000000000000</sh:Identifier> 			<sh:ContactInformation> 				<sh:Contact>Mike Mowad</sh:Contact> 				<sh:EmailAddress>gsmp@gs1.org</sh:EmailAddress> 				<sh:FaxNumber>+1 609-557-4599</sh:FaxNumber> 				<sh:TelephoneNumber>+1 609-557-4568</sh:TelephoneNumber> 				<sh:ContactTypeIdentifier></sh:ContactTypeIdentifier> 			</sh:ContactInformation> 		</sh:Receiver> 		<sh:DocumentIdentification> 			<sh:Standard>GS1</sh:Standard> 			<sh:TypeVersion>2.0.2</sh:TypeVersion> 			<sh:InstanceIdentifier>100003</sh:InstanceIdentifier> 			<sh:Type>Gs1Delta</sh:Type> 			<sh:MultipleType>false</sh:MultipleType> 			<sh:CreationDateAndTime>2005-09-19T12:00:01.000</sh:CreationDateAndTime> 		</sh:DocumentIdentification> 	</sh:StandardBusinessDocumentHeader> 	<eanucc:message> 		<entityIdentification> 			<uniqueCreatorIdentification>MSG-123-20050919</uniqueCreatorIdentification> 			<contentOwner> 				<gln>0000000000000</gln> 			</contentOwner> 		</entityIdentification> 		<gpc:gs1Delta xsi:schemaLocation="urn:ean.ucc:2 ../Schemas/Gs1SchemaProxy.xsd"> <delta> <currentVersion>as at 01122020 EN</currentVersion> <previousVersion>as at 01062020 EN</previousVersion> <deleteSunsetDate></deleteSunsetDate>
<additions>
</additions>
<additions_move>
</additions_move>
<additions_move_modify>
</additions_move_modify>
<modifications>
</modifications>
<deletions>
<attributeTypeLevel>
<segment code="73000000" text="Kitchenware and Tableware" definition="">
<family code="73040000" text="Kitchenware" definition="">
<class code="73040600" text="Food Preparation Equipment" definition="">
<brick code="10005894" text="Gloves" definition="Includes any products that can be described as latex/rubber/vinyl gloves used in food preparation or D.I.Y. for coverage of hands and hygienic purposes. Includes disposable gloves, powdered gloves and products which are sterile. Excludes protective handwear classified in clothing which are made of different materials such as canvas and leather and are not sterile, as well as fashion gloves, cosmetic gloves and gaming gloves.">
<attType code="20000097" text="If Disposable" definition="Indicates, with reference to the product branding, labelling or packaging, the descriptive term that is used by the product manufacturer to identify whether or not the product is intended to be disposed of after single use or a limited period of use.">
</attType>
</brick>
</class>
</family>
</segment>
<segment code="73000000" text="Kitchenware and Tableware" definition="">
<family code="73040000" text="Kitchenware" definition="">
<class code="73040600" text="Food Preparation Equipment" definition="">
<brick code="10005894" text="Gloves" definition="Includes any products that can be described as latex/rubber/vinyl gloves used in food preparation or D.I.Y. for coverage of hands and hygienic purposes. Includes disposable gloves, powdered gloves and products which are sterile. Excludes protective handwear classified in clothing which are made of different materials such as canvas and leather and are not sterile, as well as fashion gloves, cosmetic gloves and gaming gloves.">
<attType code="20000794" text="Type of Material" definition="Indicates, with reference to the product branding, labelling or packaging, the descriptive term that is used by the product manufacturer to identify the type of material from which the product is made.">
</attType>
</brick>
</class>
</family>
</segment>
<segment code="73000000" text="Kitchenware and Tableware" definition="">
<family code="73040000" text="Kitchenware" definition="">
<class code="73040600" text="Food Preparation Equipment" definition="">
<brick code="10005894" text="Gloves" definition="Includes any products that can be described as latex/rubber/vinyl gloves used in food preparation or D.I.Y. for coverage of hands and hygienic purposes. Includes disposable gloves, powdered gloves and products which are sterile. Excludes protective handwear classified in clothing which are made of different materials such as canvas and leather and are not sterile, as well as fashion gloves, cosmetic gloves and gaming gloves.">
<attType code="20002750" text="If Sterile" definition="">
</attType>
</brick>
</class>
</family>
</segment>
<segment code="73000000" text="Kitchenware and Tableware" definition="">
<family code="73040000" text="Kitchenware" definition="">
<class code="73040600" text="Food Preparation Equipment" definition="">
<brick code="10005894" text="Gloves" definition="Includes any products that can be described as latex/rubber/vinyl gloves used in food preparation or D.I.Y. for coverage of hands and hygienic purposes. Includes disposable gloves, powdered gloves and products which are sterile. Excludes protective handwear classified in clothing which are made of different materials such as canvas and leather and are not sterile, as well as fashion gloves, cosmetic gloves and gaming gloves.">
<attType code="20002751" text="If Powdered" definition="Indicates, with reference to the product branding, labelling or packaging, the descriptive term that is used by the product manufacturer to identify whether or not the product is powdered.">
</attType>
</brick>
</class>
</family>
</segment>
</attributeTypeLevel>
<attributeValueLevel>
<segment code="73000000" text="Kitchenware and Tableware" definition="">
<family code="73040000" text="Kitchenware" definition="">
<class code="73040600" text="Food Preparation Equipment" definition="">
<brick code="10005894" text="Gloves" definition="Includes any products that can be described as latex/rubber/vinyl gloves used in food preparation or D.I.Y. for coverage of hands and hygienic purposes. Includes disposable gloves, powdered gloves and products which are sterile. Excludes protective handwear classified in clothing which are made of different materials such as canvas and leather and are not sterile, as well as fashion gloves, cosmetic gloves and gaming gloves.">
<attType code="20000097" text="If Disposable" definition="Indicates, with reference to the product branding, labelling or packaging, the descriptive term that is used by the product manufacturer to identify whether or not the product is intended to be disposed of after single use or a limited period of use.">
<attValue code="30002518" text="UNIDENTIFIED" definition="This term is used to describe those product attributes that are unidentifiable given existing or available product information."/>
</attType>
</brick>
</class>
</family>
</segment>
<segment code="73000000" text="Kitchenware and Tableware" definition="">
<family code="73040000" text="Kitchenware" definition="">
<class code="73040600" text="Food Preparation Equipment" definition="">
<brick code="10005894" text="Gloves" definition="Includes any products that can be described as latex/rubber/vinyl gloves used in food preparation or D.I.Y. for coverage of hands and hygienic purposes. Includes disposable gloves, powdered gloves and products which are sterile. Excludes protective handwear classified in clothing which are made of different materials such as canvas and leather and are not sterile, as well as fashion gloves, cosmetic gloves and gaming gloves.">
<attType code="20002750" text="If Sterile" definition="">
<attValue code="30002518" text="UNIDENTIFIED" definition="This term is used to describe those product attributes that are unidentifiable given existing or available product information."/>
</attType>
</brick>
</class>
</family>
</segment>
<segment code="73000000" text="Kitchenware and Tableware" definition="">
<family code="73040000" text="Kitchenware" definition="">
<class code="73040600" text="Food Preparation Equipment" definition="">
<brick code="10005894" text="Gloves" definition="Includes any products that can be described as latex/rubber/vinyl gloves used in food preparation or D.I.Y. for coverage of hands and hygienic purposes. Includes disposable gloves, powdered gloves and products which are sterile. Excludes protective handwear classified in clothing which are made of different materials such as canvas and leather and are not sterile, as well as fashion gloves, cosmetic gloves and gaming gloves.">
<attType code="20002751" text="If Powdered" definition="Indicates, with reference to the product branding, labelling or packaging, the descriptive term that is used by the product manufacturer to identify whether or not the product is powdered.">
<attValue code="30002518" text="UNIDENTIFIED" definition="This term is used to describe those product attributes that are unidentifiable given existing or available product information."/>
</attType>
</brick>
</class>
</family>
</segment>
<segment code="73000000" text="Kitchenware and Tableware" definition="">
<family code="73040000" text="Kitchenware" definition="">
<class code="73040600" text="Food Preparation Equipment" definition="">
<brick code="10005894" text="Gloves" definition="Includes any products that can be described as latex/rubber/vinyl gloves used in food preparation or D.I.Y. for coverage of hands and hygienic purposes. Includes disposable gloves, powdered gloves and products which are sterile. Excludes protective handwear classified in clothing which are made of different materials such as canvas and leather and are not sterile, as well as fashion gloves, cosmetic gloves and gaming gloves.">
<attType code="20000097" text="If Disposable" definition="Indicates, with reference to the product branding, labelling or packaging, the descriptive term that is used by the product manufacturer to identify whether or not the product is intended to be disposed of after single use or a limited period of use.">
<attValue code="30002654" text="YES" definition=""/>
</attType>
</brick>
</class>
</family>
</segment>
<segment code="73000000" text="Kitchenware and Tableware" definition="">
<family code="73040000" text="Kitchenware" definition="">
<class code="73040600" text="Food Preparation Equipment" definition="">
<brick code="10005894" text="Gloves" definition="Includes any products that can be described as latex/rubber/vinyl gloves used in food preparation or D.I.Y. for coverage of hands and hygienic purposes. Includes disposable gloves, powdered gloves and products which are sterile. Excludes protective handwear classified in clothing which are made of different materials such as canvas and leather and are not sterile, as well as fashion gloves, cosmetic gloves and gaming gloves.">
<attType code="20002750" text="If Sterile" definition="">
<attValue code="30002654" text="YES" definition=""/>
</attType>
</brick>
</class>
</family>
</segment>
<segment code="73000000" text="Kitchenware and Tableware" definition="">
<family code="73040000" text="Kitchenware" definition="">
<class code="73040600" text="Food Preparation Equipment" definition="">
<brick code="10005894" text="Gloves" definition="Includes any products that can be described as latex/rubber/vinyl gloves used in food preparation or D.I.Y. for coverage of hands and hygienic purposes. Includes disposable gloves, powdered gloves and products which are sterile. Excludes protective handwear classified in clothing which are made of different materials such as canvas and leather and are not sterile, as well as fashion gloves, cosmetic gloves and gaming gloves.">
<attType code="20002751" text="If Powdered" definition="Indicates, with reference to the product branding, labelling or packaging, the descriptive term that is used by the product manufacturer to identify whether or not the product is powdered.">
<attValue code="30002654" text="YES" definition=""/>
</attType>
</brick>
</class>
</family>
</segment>
<segment code="73000000" text="Kitchenware and Tableware" definition="">
<family code="73040000" text="Kitchenware" definition="">
<class code="73040600" text="Food Preparation Equipment" definition="">
<brick code="10005894" text="Gloves" definition="Includes any products that can be described as latex/rubber/vinyl gloves used in food preparation or D.I.Y. for coverage of hands and hygienic purposes. Includes disposable gloves, powdered gloves and products which are sterile. Excludes protective handwear classified in clothing which are made of different materials such as canvas and leather and are not sterile, as well as fashion gloves, cosmetic gloves and gaming gloves.">
<attType code="20000097" text="If Disposable" definition="Indicates, with reference to the product branding, labelling or packaging, the descriptive term that is used by the product manufacturer to identify whether or not the product is intended to be disposed of after single use or a limited period of use.">
<attValue code="30002960" text="NO" definition=""/>
</attType>
</brick>
</class>
</family>
</segment>
<segment code="73000000" text="Kitchenware and Tableware" definition="">
<family code="73040000" text="Kitchenware" definition="">
<class code="73040600" text="Food Preparation Equipment" definition="">
<brick code="10005894" text="Gloves" definition="Includes any products that can be described as latex/rubber/vinyl gloves used in food preparation or D.I.Y. for coverage of hands and hygienic purposes. Includes disposable gloves, powdered gloves and products which are sterile. Excludes protective handwear classified in clothing which are made of different materials such as canvas and leather and are not sterile, as well as fashion gloves, cosmetic gloves and gaming gloves.">
<attType code="20002750" text="If Sterile" definition="">
<attValue code="30002960" text="NO" definition=""/>
</attType>
</brick>
</class>
</family>
</segment>
<segment code="73000000" text="Kitchenware and Tableware" definition="">
<family code="73040000" text="Kitchenware" definition="">
<class code="73040600" text="Food Preparation Equipment" definition="">
<brick code="10005894" text="Gloves" definition="Includes any products that can be described as latex/rubber/vinyl gloves used in food preparation or D.I.Y. for coverage of hands and hygienic purposes. Includes disposable gloves, powdered gloves and products which are sterile. Excludes protective handwear classified in clothing which are made of different materials such as canvas and leather and are not sterile, as well as fashion gloves, cosmetic gloves and gaming gloves.">
<attType code="20002751" text="If Powdered" definition="Indicates, with reference to the product branding, labelling or packaging, the descriptive term that is used by the product manufacturer to identify whether or not the product is powdered.">
<attValue code="30002960" text="NO" definition=""/>
</attType>
</brick>
</class>
</family>
</segment>
<segment code="73000000" text="Kitchenware and Tableware" definition="">
<family code="73040000" text="Kitchenware" definition="">
<class code="73040600" text="Food Preparation Equipment" definition="">
<brick code="10005894" text="Gloves" definition="Includes any products that can be described as latex/rubber/vinyl gloves used in food preparation or D.I.Y. for coverage of hands and hygienic purposes. Includes disposable gloves, powdered gloves and products which are sterile. Excludes protective handwear classified in clothing which are made of different materials such as canvas and leather and are not sterile, as well as fashion gloves, cosmetic gloves and gaming gloves.">
<attType code="20000794" text="Type of Material" definition="Indicates, with reference to the product branding, labelling or packaging, the descriptive term that is used by the product manufacturer to identify the type of material from which the product is made.">
<attValue code="30004005" text="LATEX" definition=""/>
</attType>
</brick>
</class>
</family>
</segment>
<segment code="73000000" text="Kitchenware and Tableware" definition="">
<family code="73040000" text="Kitchenware" definition="">
<class code="73040600" text="Food Preparation Equipment" definition="">
<brick code="10005894" text="Gloves" definition="Includes any products that can be described as latex/rubber/vinyl gloves used in food preparation or D.I.Y. for coverage of hands and hygienic purposes. Includes disposable gloves, powdered gloves and products which are sterile. Excludes protective handwear classified in clothing which are made of different materials such as canvas and leather and are not sterile, as well as fashion gloves, cosmetic gloves and gaming gloves.">
<attType code="20000794" text="Type of Material" definition="Indicates, with reference to the product branding, labelling or packaging, the descriptive term that is used by the product manufacturer to identify the type of material from which the product is made.">
<attValue code="30004201" text="RUBBER" definition=""/>
</attType>
</brick>
</class>
</family>
</segment>
<segment code="73000000" text="Kitchenware and Tableware" definition="">
<family code="73040000" text="Kitchenware" definition="">
<class code="73040600" text="Food Preparation Equipment" definition="">
<brick code="10005894" text="Gloves" definition="Includes any products that can be described as latex/rubber/vinyl gloves used in food preparation or D.I.Y. for coverage of hands and hygienic purposes. Includes disposable gloves, powdered gloves and products which are sterile. Excludes protective handwear classified in clothing which are made of different materials such as canvas and leather and are not sterile, as well as fashion gloves, cosmetic gloves and gaming gloves.">
<attType code="20000794" text="Type of Material" definition="Indicates, with reference to the product branding, labelling or packaging, the descriptive term that is used by the product manufacturer to identify the type of material from which the product is made.">
<attValue code="30004345" text="VINYL" definition=""/>
</attType>
</brick>
</class>
</family>
</segment>
<segment code="73000000" text="Kitchenware and Tableware" definition="">
<family code="73040000" text="Kitchenware" definition="">
<class code="73040600" text="Food Preparation Equipment" definition="">
<brick code="10005894" text="Gloves" definition="Includes any products that can be described as latex/rubber/vinyl gloves used in food preparation or D.I.Y. for coverage of hands and hygienic purposes. Includes disposable gloves, powdered gloves and products which are sterile. Excludes protective handwear classified in clothing which are made of different materials such as canvas and leather and are not sterile, as well as fashion gloves, cosmetic gloves and gaming gloves.">
<attType code="20000794" text="Type of Material" definition="Indicates, with reference to the product branding, labelling or packaging, the descriptive term that is used by the product manufacturer to identify the type of material from which the product is made.">
<attValue code="30006104" text="NITRILE" definition=""/>
</attType>
</brick>
</class>
</family>
</segment>
</attributeValueLevel>
</deletions>
<deletions_move>
<brickLevel>
<segment code="73000000" text="Kitchenware and Tableware" definition="">
<family code="73040000" text="Kitchenware" definition="">
<class code="73040600" text="Food Preparation Equipment" definition="">
<brick code="10005894" text="Gloves" definition="Includes any products that can be described as latex/rubber/vinyl gloves used in food preparation or D.I.Y. for coverage of hands and hygienic purposes. Includes disposable gloves, powdered gloves and products which are sterile. Excludes protective handwear classified in clothing which are made of different materials such as canvas and leather and are not sterile, as well as fashion gloves, cosmetic gloves and gaming gloves.">
</brick>
</class>
</family>
</segment>
</brickLevel>
</deletions_move>
</delta></gpc:gs1Delta></eanucc:message></sh:StandardBusinessDocument>
