<?xml version="1.0" encoding="UTF-8"?> <sh:StandardBusinessDocument xmlns:sh="http://www.unece.org/cefact/namespaces/StandardBusinessDocumentHeader" xmlns:eanucc="urn:ean.ucc:2" xmlns:gpc="urn:ean.ucc:gpc:2" xmlns:xsi="http://www.w3.org/2001/XMLSchema-instance" xsi:schemaLocation="http://www.unece.org/cefact/namespaces/StandardBusinessDocumentHeader ../Schemas/sbdh/StandardBusinessDocumentHeader.xsd urn:ean.ucc:2 ../Schemas/Gs1SchemaProxy.xsd"> 	<sh:StandardBusinessDocumentHeader> 		<sh:HeaderVersion>2.2</sh:HeaderVersion> 		<sh:Sender> 			<sh:Identifier Authority="GS1">0000000000000</sh:Identifier> 			<sh:ContactInformation> 				<sh:Contact>Mike Mowad</sh:Contact> 				<sh:EmailAddress>gsmp@gs1.org</sh:EmailAddress> 				<sh:FaxNumber>+1 609-557-4599</sh:FaxNumber> 				<sh:TelephoneNumber>+1 609-557-4568</sh:TelephoneNumber> 				<sh:ContactTypeIdentifier></sh:ContactTypeIdentifier> 			</sh:ContactInformation> 		</sh:Sender> 		<sh:Receiver> 			<sh:Identifier Authority="GS1">0000000000000</sh:Identifier> 			<sh:ContactInformation> 				<sh:Contact>Mike Mowad</sh:Contact> 				<sh:EmailAddress>gsmp@gs1.org</sh:EmailAddress> 				<sh:FaxNumber>+1 609-557-4599</sh:FaxNumber> 				<sh:TelephoneNumber>+1 609-557-4568</sh:TelephoneNumber> 				<sh:ContactTypeIdentifier></sh:ContactTypeIdentifier> 			</sh:ContactInformation> 		</sh:Receiver> 		<sh:DocumentIdentification> 			<sh:Standard>GS1</sh:Standard> 			<sh:TypeVersion>2.0.2</sh:TypeVersion> 			<sh:InstanceIdentifier>100003</sh:InstanceIdentifier> 			<sh:Type>Gs1Delta</sh:Type> 			<sh:MultipleType>false</sh:MultipleType> 			<sh:CreationDateAndTime>2005-09-19T12:00:01.000</sh:CreationDateAndTime> 		</sh:DocumentIdentification> 	</sh:StandardBusinessDocumentHeader> 	<eanucc:message> 		<entityIdentification> 			<uniqueCreatorIdentification>MSG-123-20050919</uniqueCreatorIdentification> 			<contentOwner> 				<gln>0000000000000</gln> 			</contentOwner> 		</entityIdentification> 		<gpc:gs1Delta xsi:schemaLocation="urn:ean.ucc:2 ../Schemas/Gs1SchemaProxy.xsd"> <delta> <currentVersion>as at 01122020 EN</currentVersion> <previousVersion>as at 01062020 EN</previousVersion> <deleteSunsetDate></deleteSunsetDate>
<additions>
<familyLevel>
<segment code="95000000" text="Services/Vending Machines" definition="">
<family code="95160000" text="Dispensing/Vending Machines" definition="">
</family>
</segment>
</familyLevel>
<classLevel>
<segment code="95000000" text="Services/Vending Machines" definition="">
<family code="95160000" text="Dispensing/Vending Machines" definition="">
<class code="95160100" text="Dispensing/Vending Machines" definition="">
</class>
</family>
</segment>
</classLevel>
<brickLevel>
<segment code="95000000" text="Services/Vending Machines" definition="">
<family code="95160000" text="Dispensing/Vending Machines" definition="">
<class code="95160100" text="Dispensing/Vending Machines" definition="">
<brick code="10008109" text="Vending Machine" definition="Includes any products that can be described/observed as a machine that dispenses small articles such as food, drinks, or other items when a payment is made (i.e. coin, bill, credit card, prepaid card/token or digital payment method). Excludes machines with with similar functions that do not require payment.">
</brick>
</class>
</family>
</segment>
<segment code="95000000" text="Services/Vending Machines" definition="">
<family code="95160000" text="Dispensing/Vending Machines" definition="">
<class code="95160100" text="Dispensing/Vending Machines" definition="">
<brick code="10008110" text="Coin Operated Control Unit" definition="Includes any products that can be described/observed as a coin operated add-on unit which allows a machine to act as a vending machine. Excludes Vending Machines">
</brick>
</class>
</family>
</segment>
</brickLevel>
</additions>
<additions_move>
</additions_move>
<additions_move_modify>
</additions_move_modify>
<modifications>
<segmentLevel>
<segment code="95000000" text="Services/Vending Machines" definition="">
</segment>
</segmentLevel>
</modifications>
<deletions>
</deletions>
<deletions_move>
</deletions_move>
</delta></gpc:gs1Delta></eanucc:message></sh:StandardBusinessDocument>
