<?xml version="1.0" encoding="UTF-8"?>  <sh:StandardBusinessDocument xmlns:sh="http://www.unece.org/cefact/namespaces/StandardBusinessDocumentHeader" xmlns:eanucc="urn:ean.ucc:2" xmlns:gpc="urn:ean.ucc:gpc:2" xmlns:xsi="http://www.w3.org/2001/XMLSchema-instance" xsi:schemaLocation="http://www.unece.org/cefact/namespaces/StandardBusinessDocumentHeader ../Schemas/sbdh/StandardBusinessDocumentHeader.xsd urn:ean.ucc:2 ../Schemas/Gs1SchemaProxy.xsd"> 	<sh:StandardBusinessDocumentHeader> 		<sh:HeaderVersion>2.2</sh:HeaderVersion> 		<sh:Sender> 			<sh:Identifier Authority="GS1">0000000000000</sh:Identifier> 			<sh:ContactInformation> 				<sh:Contact>Mike Mowad</sh:Contact> 				<sh:EmailAddress>gsmp@gs1.org</sh:EmailAddress> 				<sh:FaxNumber>+1 609-557-4599</sh:FaxNumber> 				<sh:TelephoneNumber>+1 609-557-4568</sh:TelephoneNumber> 				<sh:ContactTypeIdentifier></sh:ContactTypeIdentifier> 			</sh:ContactInformation> 		</sh:Sender> 		<sh:Receiver> 			<sh:Identifier Authority="GS1">0000000000000</sh:Identifier> 			<sh:ContactInformation> 				<sh:Contact>Mike Mowad</sh:Contact> 				<sh:EmailAddress>gsmp@gs1.org</sh:EmailAddress> 				<sh:FaxNumber>+1 609-557-4599</sh:FaxNumber> 				<sh:TelephoneNumber>+1 609-557-4568</sh:TelephoneNumber> 				<sh:ContactTypeIdentifier></sh:ContactTypeIdentifier> 			</sh:ContactInformation> 		</sh:Receiver> 		<sh:DocumentIdentification> 			<sh:Standard>GS1</sh:Standard> 			<sh:TypeVersion>2.0.2</sh:TypeVersion> 			<sh:InstanceIdentifier>100003</sh:InstanceIdentifier> 			<sh:Type>Gs1Schema</sh:Type> 			<sh:MultipleType>false</sh:MultipleType> 			<sh:CreationDateAndTime>2005-09-19T12:00:01.000</sh:CreationDateAndTime> 		</sh:DocumentIdentification> 	</sh:StandardBusinessDocumentHeader> 	<eanucc:message> 		<entityIdentification> 			<uniqueCreatorIdentification>MSG-123-20050919</uniqueCreatorIdentification> 			<contentOwner> 				<gln>0000000000000</gln> 			</contentOwner> 		</entityIdentification> 		<gpc:gs1Schema xsi:schemaLocation="urn:ean.ucc:2 ../Schemas/Gs1SchemaProxy.xsd"> <schema> <currentVersion>as at 01122020 EN</currentVersion> <previousVersion></previousVersion>
<segment code="89000000" text="Live Animals" definition="">
<family code="89020000" text="Live Animals" definition="">
<class code="89020100" text="Invertebrates" definition="">
<brick code="10005448" text="Annelids (Worms)" definition="Includes any products that may be described/observed as usually elongated, segmented invertebrates. They are found in most wet environments, and include many terrestrial, freshwater, and especially marine species (such as the polychaetes), as well as some that are parasitic or mutualistic. These animals can range in length from under a millimetre to over 3 metres long. Includes the well-known earthworms and leeches. Excludes any arachnids or insects as well as any other invertebrates not affiliated with the Annelida group.">
<attType code="20002383" text="Climatic Zone" definition="Indicate, with reference to the product branding, labelling or packaging, the descriptive term that is used by the product manufacturer to identify the geographical zone, taking into account temperature, in which the animal lives prevails.">
<attValue code="30012295" text="ARID" definition=""/>
<attValue code="30000720" text="COMBINATION" definition=""/>
<attValue code="30012297" text="MEDITERRANEAN" definition=""/>
<attValue code="30012296" text="MOUNTAIN (TUNDRA)" definition=""/>
<attValue code="30012293" text="POLAR" definition=""/>
<attValue code="30012294" text="TEMPERATE" definition=""/>
<attValue code="30012292" text="TROPICAL" definition=""/>
<attValue code="30002515" text="UNCLASSIFIED" definition="This term is used to describe those product attributes that are unable to be classified within their specific market; e.g. goat&apos;s cheese - goat&apos;s cheeses is often generically labelled and cannot be further classified."/>
<attValue code="30002518" text="UNIDENTIFIED" definition="This term is used to describe those product attributes that are unidentifiable given existing or available product information."/>
</attType>
<attType code="20002382" text="Environment" definition="Indicate, with reference to the product branding, labelling or packaging, the descriptive term that is used by the product manufacturer to identify the natural environment in which the animal lives.">
<attValue code="30001044" text="FRESHWATER" definition=""/>
<attValue code="30006917" text="SALT WATER" definition=""/>
<attValue code="30007901" text="TERRESTRIAL" definition=""/>
<attValue code="30002515" text="UNCLASSIFIED" definition="This term is used to describe those product attributes that are unable to be classified within their specific market; e.g. goat&apos;s cheese - goat&apos;s cheeses is often generically labelled and cannot be further classified."/>
<attValue code="30002518" text="UNIDENTIFIED" definition="This term is used to describe those product attributes that are unidentifiable given existing or available product information."/>
</attType>
</brick>
<brick code="10005447" text="Arachnids (Spiders/Scorpions)" definition="Includes any products that may be described/observed as invertebrates having jointed limbs and a segmented body with an exoskeleton made of chitin. These animals are mainly predatory. Includes products such as spiders and scorpions. Excludes products such as insects and worms as well as crustaceans.">
<attType code="20002383" text="Climatic Zone" definition="Indicate, with reference to the product branding, labelling or packaging, the descriptive term that is used by the product manufacturer to identify the geographical zone, taking into account temperature, in which the animal lives prevails.">
<attValue code="30012295" text="ARID" definition=""/>
<attValue code="30000720" text="COMBINATION" definition=""/>
<attValue code="30012297" text="MEDITERRANEAN" definition=""/>
<attValue code="30012296" text="MOUNTAIN (TUNDRA)" definition=""/>
<attValue code="30012293" text="POLAR" definition=""/>
<attValue code="30012294" text="TEMPERATE" definition=""/>
<attValue code="30012292" text="TROPICAL" definition=""/>
<attValue code="30002515" text="UNCLASSIFIED" definition="This term is used to describe those product attributes that are unable to be classified within their specific market; e.g. goat&apos;s cheese - goat&apos;s cheeses is often generically labelled and cannot be further classified."/>
<attValue code="30002518" text="UNIDENTIFIED" definition="This term is used to describe those product attributes that are unidentifiable given existing or available product information."/>
</attType>
</brick>
<brick code="10005454" text="Coral/Sea Anemone" definition="Includes any products that may be described/observed as invertebrates that secrete an internal, hard skeleton structure composed of calcium carbonate, which is absorbed from the surrounding water. Includes animals such as sea anemones. Excludes products such as sea urchins, sea stars and sea sponges.">
</brick>
<brick code="10005450" text="Crustaceans" definition="Includes any products that may be described/observed as invertebrates that have a segmented body, a hard external skeleton (exoskeleton), two sets of antennae and one pair of legs per body segment. These animas live in marine coastal environment. Includes products such as shrimp, lobster and crabs. Excludes products such as terrestrial animals as well as fish and cetaceans.">
</brick>
<brick code="10005446" text="Insects" definition="Includes any products that may be described/observed as small air-breathing arthropods with three pairs of legs and jaws. These animals have an exoskeleton and thrive in all environments. Includes animals such as ants, beetles and the butterfly. Excludes products such as spiders and scorpions.">
<attType code="20002383" text="Climatic Zone" definition="Indicate, with reference to the product branding, labelling or packaging, the descriptive term that is used by the product manufacturer to identify the geographical zone, taking into account temperature, in which the animal lives prevails.">
<attValue code="30012295" text="ARID" definition=""/>
<attValue code="30000720" text="COMBINATION" definition=""/>
<attValue code="30012297" text="MEDITERRANEAN" definition=""/>
<attValue code="30012296" text="MOUNTAIN (TUNDRA)" definition=""/>
<attValue code="30012293" text="POLAR" definition=""/>
<attValue code="30012294" text="TEMPERATE" definition=""/>
<attValue code="30012292" text="TROPICAL" definition=""/>
<attValue code="30002515" text="UNCLASSIFIED" definition="This term is used to describe those product attributes that are unable to be classified within their specific market; e.g. goat&apos;s cheese - goat&apos;s cheeses is often generically labelled and cannot be further classified."/>
<attValue code="30002518" text="UNIDENTIFIED" definition="This term is used to describe those product attributes that are unidentifiable given existing or available product information."/>
</attType>
<attType code="20002386" text="Reproduction Type" definition="Indicate, with reference to the product branding, labelling or packaging, the descriptive term that is used by the product manufacturer to identify the process by which the animal produces offspring.">
<attValue code="30012299" text="ASEXUAL REPRODUCTION" definition=""/>
<attValue code="30012298" text="SEXUAL REPRODUCTION" definition=""/>
<attValue code="30002515" text="UNCLASSIFIED" definition="This term is used to describe those product attributes that are unable to be classified within their specific market; e.g. goat&apos;s cheese - goat&apos;s cheeses is often generically labelled and cannot be further classified."/>
<attValue code="30002518" text="UNIDENTIFIED" definition="This term is used to describe those product attributes that are unidentifiable given existing or available product information."/>
</attType>
</brick>
<brick code="10005475" text="Invertebrates Other" definition="Includes any products that may be described/observed as an invertebrate animal, where the user of the schema is not able to classify the products in existing bricks within the schema. Excludes all currently classified invertebrate animals.">
</brick>
<brick code="10005453" text="Jelly Fish" definition="Includes any products that may be described/observed as a marine animal with a saucer-shaped, jelly-like body and stinging tentacles. As carnivorous animals these may be dangerous, containing toxins which are used to incapacitate prey. Includes products such as the Portuguese Man-Of-War. Excludes products such as sea urchins and sea anemones.">
</brick>
<brick code="10005449" text="Molluscs" definition="Includes any products that may be described/observed as an invertebrate having a soft unsegmented body usually enclosed in a shell. Includes products such as garden snails, and marine snails. Excludes products such as crustaceans and insects.">
<attType code="20002382" text="Environment" definition="Indicate, with reference to the product branding, labelling or packaging, the descriptive term that is used by the product manufacturer to identify the natural environment in which the animal lives.">
<attValue code="30014418" text="EARTH" definition=""/>
<attValue code="30001044" text="FRESHWATER" definition=""/>
<attValue code="30006917" text="SALT WATER" definition=""/>
<attValue code="30002515" text="UNCLASSIFIED" definition="This term is used to describe those product attributes that are unable to be classified within their specific market; e.g. goat&apos;s cheese - goat&apos;s cheeses is often generically labelled and cannot be further classified."/>
<attValue code="30002518" text="UNIDENTIFIED" definition="This term is used to describe those product attributes that are unidentifiable given existing or available product information."/>
</attType>
</brick>
<brick code="10005452" text="Sea Stars/Sea Urchins" definition="Includes any products that may be described/observed as radially symmetrical marine invertebrates found in the oceans at all depths. These animals can include both creatures that are attached to a fixed object or those that are free swimming. Includes products such as coastal sea stars. Excludes products such as sea sponges or worms or molluscs found in a marine environment.">
</brick>
<brick code="10005451" text="Sponges" definition="Includes any products that may be described/observed as primitive, sessile, mostly marine, water dwelling filter feeders that pump water through their matrix to filter out particulates of food matter. Sponges are among the simplest of animals. Includes products such as the Caribbean Red Sponge. Excludes sponges found in the bathroom and used for self-cleansing, unless alive.">
</brick>
</class>
<class code="89020200" text="Vertebrates" definition="">
<brick code="10005458" text="Amphibians" definition="Includes any products that may be described/observed as cold-blooded vertebrate typically living on land but breeding in water. Includes products such as frogs, toads and salamanders. Excludes products such as reptiles and fishes.">
<attType code="20002383" text="Climatic Zone" definition="Indicate, with reference to the product branding, labelling or packaging, the descriptive term that is used by the product manufacturer to identify the geographical zone, taking into account temperature, in which the animal lives prevails.">
<attValue code="30012295" text="ARID" definition=""/>
<attValue code="30000720" text="COMBINATION" definition=""/>
<attValue code="30012297" text="MEDITERRANEAN" definition=""/>
<attValue code="30012296" text="MOUNTAIN (TUNDRA)" definition=""/>
<attValue code="30012293" text="POLAR" definition=""/>
<attValue code="30012294" text="TEMPERATE" definition=""/>
<attValue code="30012292" text="TROPICAL" definition=""/>
<attValue code="30002515" text="UNCLASSIFIED" definition="This term is used to describe those product attributes that are unable to be classified within their specific market; e.g. goat&apos;s cheese - goat&apos;s cheeses is often generically labelled and cannot be further classified."/>
<attValue code="30002518" text="UNIDENTIFIED" definition="This term is used to describe those product attributes that are unidentifiable given existing or available product information."/>
</attType>
<attType code="20002491" text="Gender of Species" definition="Indicate, with reference to the product branding, labelling or packaging, the descriptive term that is used by the product manufacturer to identify the gender of the animal species.">
<attValue code="30003891" text="FEMALE" definition=""/>
<attValue code="30004039" text="MALE" definition=""/>
<attValue code="30002515" text="UNCLASSIFIED" definition="This term is used to describe those product attributes that are unable to be classified within their specific market; e.g. goat&apos;s cheese - goat&apos;s cheeses is often generically labelled and cannot be further classified."/>
<attValue code="30002518" text="UNIDENTIFIED" definition="This term is used to describe those product attributes that are unidentifiable given existing or available product information."/>
</attType>
<attType code="20002381" text="If Domesticated" definition="Indicate, with reference to the product branding, labelling or packaging, the descriptive term that is used by the product manufacturer to identify whether the animal been domesticated or not.">
<attValue code="30002960" text="NO" definition=""/>
<attValue code="30002518" text="UNIDENTIFIED" definition="This term is used to describe those product attributes that are unidentifiable given existing or available product information."/>
<attValue code="30002654" text="YES" definition=""/>
</attType>
</brick>
<brick code="10005457" text="Birds" definition="Includes any products that may be described/observed as vertebrate animals characterized primarily by feathers and forelimbs modified as wings. Includes products such as chicken, geese and emus. Excludes products such as marsupials and all invertebrates.">
<attType code="20002383" text="Climatic Zone" definition="Indicate, with reference to the product branding, labelling or packaging, the descriptive term that is used by the product manufacturer to identify the geographical zone, taking into account temperature, in which the animal lives prevails.">
<attValue code="30012295" text="ARID" definition=""/>
<attValue code="30000720" text="COMBINATION" definition=""/>
<attValue code="30012297" text="MEDITERRANEAN" definition=""/>
<attValue code="30012296" text="MOUNTAIN (TUNDRA)" definition=""/>
<attValue code="30012293" text="POLAR" definition=""/>
<attValue code="30012294" text="TEMPERATE" definition=""/>
<attValue code="30012292" text="TROPICAL" definition=""/>
<attValue code="30002515" text="UNCLASSIFIED" definition="This term is used to describe those product attributes that are unable to be classified within their specific market; e.g. goat&apos;s cheese - goat&apos;s cheeses is often generically labelled and cannot be further classified."/>
<attValue code="30002518" text="UNIDENTIFIED" definition="This term is used to describe those product attributes that are unidentifiable given existing or available product information."/>
</attType>
<attType code="20002382" text="Environment" definition="Indicate, with reference to the product branding, labelling or packaging, the descriptive term that is used by the product manufacturer to identify the natural environment in which the animal lives.">
<attValue code="30014418" text="EARTH" definition=""/>
<attValue code="30001044" text="FRESHWATER" definition=""/>
<attValue code="30006917" text="SALT WATER" definition=""/>
<attValue code="30002515" text="UNCLASSIFIED" definition="This term is used to describe those product attributes that are unable to be classified within their specific market; e.g. goat&apos;s cheese - goat&apos;s cheeses is often generically labelled and cannot be further classified."/>
<attValue code="30002518" text="UNIDENTIFIED" definition="This term is used to describe those product attributes that are unidentifiable given existing or available product information."/>
</attType>
<attType code="20002491" text="Gender of Species" definition="Indicate, with reference to the product branding, labelling or packaging, the descriptive term that is used by the product manufacturer to identify the gender of the animal species.">
<attValue code="30003891" text="FEMALE" definition=""/>
<attValue code="30004039" text="MALE" definition=""/>
<attValue code="30002515" text="UNCLASSIFIED" definition="This term is used to describe those product attributes that are unable to be classified within their specific market; e.g. goat&apos;s cheese - goat&apos;s cheeses is often generically labelled and cannot be further classified."/>
<attValue code="30002518" text="UNIDENTIFIED" definition="This term is used to describe those product attributes that are unidentifiable given existing or available product information."/>
</attType>
<attType code="20002385" text="If Bird of Prey/Raptor" definition="Indicate, with reference to the product branding, labelling or packaging, the descriptive term that is used by the product manufacturer to identify whether the bird is a member of the raptor family of birds.">
<attValue code="30002960" text="NO" definition=""/>
<attValue code="30002518" text="UNIDENTIFIED" definition="This term is used to describe those product attributes that are unidentifiable given existing or available product information."/>
<attValue code="30002654" text="YES" definition=""/>
</attType>
<attType code="20002381" text="If Domesticated" definition="Indicate, with reference to the product branding, labelling or packaging, the descriptive term that is used by the product manufacturer to identify whether the animal been domesticated or not.">
<attValue code="30002960" text="NO" definition=""/>
<attValue code="30002518" text="UNIDENTIFIED" definition="This term is used to describe those product attributes that are unidentifiable given existing or available product information."/>
<attValue code="30002654" text="YES" definition=""/>
</attType>
<attType code="20002384" text="If Flightless" definition="Indicate, with reference to the product branding, labelling or packaging, the descriptive term that is used by the product manufacturer to identify whether the bird has the ability to fly or not.">
<attValue code="30002960" text="NO" definition=""/>
<attValue code="30002518" text="UNIDENTIFIED" definition="This term is used to describe those product attributes that are unidentifiable given existing or available product information."/>
<attValue code="30002654" text="YES" definition=""/>
</attType>
<attType code="20002377" text="Type of Feeding" definition="Indicate, with reference to the product branding, labelling or packaging, the descriptive term that is used by the product manufacturer to identify the feeding habit of the animal with regards to whether this is strictly vegetarian or carnivorous or a combination of foodstuff.">
<attValue code="30012283" text="CARNIVORE" definition=""/>
<attValue code="30012284" text="HERBIVORE" definition=""/>
<attValue code="30012285" text="OMNIVORE" definition=""/>
<attValue code="30002518" text="UNIDENTIFIED" definition="This term is used to describe those product attributes that are unidentifiable given existing or available product information."/>
</attType>
</brick>
<brick code="10005461" text="Bovine (Cattle)" definition="Includes any products that may be described/observed as dull and slow-moving, stolid mammals. These animals are usually raised as livestock for meat, dairy and leather purposes. Includes animals such as salorn and angus cattle. Excludes animals such as sheep, goats and horses.">
<attType code="20002491" text="Gender of Species" definition="Indicate, with reference to the product branding, labelling or packaging, the descriptive term that is used by the product manufacturer to identify the gender of the animal species.">
<attValue code="30003891" text="FEMALE" definition=""/>
<attValue code="30004039" text="MALE" definition=""/>
<attValue code="30002515" text="UNCLASSIFIED" definition="This term is used to describe those product attributes that are unable to be classified within their specific market; e.g. goat&apos;s cheese - goat&apos;s cheeses is often generically labelled and cannot be further classified."/>
<attValue code="30002518" text="UNIDENTIFIED" definition="This term is used to describe those product attributes that are unidentifiable given existing or available product information."/>
</attType>
<attType code="20002381" text="If Domesticated" definition="Indicate, with reference to the product branding, labelling or packaging, the descriptive term that is used by the product manufacturer to identify whether the animal been domesticated or not.">
<attValue code="30002960" text="NO" definition=""/>
<attValue code="30002518" text="UNIDENTIFIED" definition="This term is used to describe those product attributes that are unidentifiable given existing or available product information."/>
<attValue code="30002654" text="YES" definition=""/>
</attType>
</brick>
<brick code="10005625" text="Canine (Dogs)" definition="Includes any products that may be described/observed as any of various fissiped mammals with nonretractile claws and typically long muzzles. These animals have evolved into hundreds of different breeds and are a very common domesticated pet around the world. Includes products such as the Alsatian as well as the Pitbull Terrier. Excludes products such as Cats and Rodents">
<attType code="20002491" text="Gender of Species" definition="Indicate, with reference to the product branding, labelling or packaging, the descriptive term that is used by the product manufacturer to identify the gender of the animal species.">
<attValue code="30003891" text="FEMALE" definition=""/>
<attValue code="30004039" text="MALE" definition=""/>
<attValue code="30002515" text="UNCLASSIFIED" definition="This term is used to describe those product attributes that are unable to be classified within their specific market; e.g. goat&apos;s cheese - goat&apos;s cheeses is often generically labelled and cannot be further classified."/>
<attValue code="30002518" text="UNIDENTIFIED" definition="This term is used to describe those product attributes that are unidentifiable given existing or available product information."/>
</attType>
<attType code="20002381" text="If Domesticated" definition="Indicate, with reference to the product branding, labelling or packaging, the descriptive term that is used by the product manufacturer to identify whether the animal been domesticated or not.">
<attValue code="30002960" text="NO" definition=""/>
<attValue code="30002518" text="UNIDENTIFIED" definition="This term is used to describe those product attributes that are unidentifiable given existing or available product information."/>
<attValue code="30002654" text="YES" definition=""/>
</attType>
</brick>
<brick code="10005462" text="Caprine (Goats)" definition="Includes any products that may be described/observed as being or pertaining to or resembling a goat or goats. These can include any of numerous agile ruminants related to sheep but having a beard and straight horns. Includes mountain goats. Excludes cattle and sheep as well as all other horned animals.">
<attType code="20002491" text="Gender of Species" definition="Indicate, with reference to the product branding, labelling or packaging, the descriptive term that is used by the product manufacturer to identify the gender of the animal species.">
<attValue code="30003891" text="FEMALE" definition=""/>
<attValue code="30004039" text="MALE" definition=""/>
<attValue code="30002515" text="UNCLASSIFIED" definition="This term is used to describe those product attributes that are unable to be classified within their specific market; e.g. goat&apos;s cheese - goat&apos;s cheeses is often generically labelled and cannot be further classified."/>
<attValue code="30002518" text="UNIDENTIFIED" definition="This term is used to describe those product attributes that are unidentifiable given existing or available product information."/>
</attType>
</brick>
<brick code="10005469" text="Cetaceans (Whales/Dolphins/Porpoises)" definition="Includes any products that may be described/observed as any of various aquatic, chiefly marine mammals of the order Cetacea, characterized by a nearly hairless body, anterior limbs modified into broad flippers, vestigial posterior limbs, and a flat notched tail. Includes whales, dolphins and porpoises. Excludes fish and reptile.">
<attType code="20002491" text="Gender of Species" definition="Indicate, with reference to the product branding, labelling or packaging, the descriptive term that is used by the product manufacturer to identify the gender of the animal species.">
<attValue code="30003891" text="FEMALE" definition=""/>
<attValue code="30004039" text="MALE" definition=""/>
<attValue code="30002515" text="UNCLASSIFIED" definition="This term is used to describe those product attributes that are unable to be classified within their specific market; e.g. goat&apos;s cheese - goat&apos;s cheeses is often generically labelled and cannot be further classified."/>
<attValue code="30002518" text="UNIDENTIFIED" definition="This term is used to describe those product attributes that are unidentifiable given existing or available product information."/>
</attType>
</brick>
<brick code="10005463" text="Equine (Horses/Donkeys)" definition="Includes any products that may be described/observed as hoofed mammals having slender legs and a flat coat with a narrow mane along the back of the neck. Includes such products as zebras, stallions and mules. Excludes products such as cattle, sheep and goats.">
<attType code="20002491" text="Gender of Species" definition="Indicate, with reference to the product branding, labelling or packaging, the descriptive term that is used by the product manufacturer to identify the gender of the animal species.">
<attValue code="30003891" text="FEMALE" definition=""/>
<attValue code="30004039" text="MALE" definition=""/>
<attValue code="30002515" text="UNCLASSIFIED" definition="This term is used to describe those product attributes that are unable to be classified within their specific market; e.g. goat&apos;s cheese - goat&apos;s cheeses is often generically labelled and cannot be further classified."/>
<attValue code="30002518" text="UNIDENTIFIED" definition="This term is used to describe those product attributes that are unidentifiable given existing or available product information."/>
</attType>
</brick>
<brick code="10005460" text="Feline (Cats)" definition="Includes any products that may be described/observed as an animal of the feline species which are small to medium sized cats compared to the big cats or genus Panthera, which refers to Tigers, Lions, Jaguars and Leopards. Cats are carnivorous animals. These animals have evolved into hundreds of different breeds and are a very common domesticated pet around the world. Includes felines such as the Domestic cat and Manx cat. Excludes products such as primates and marsupials as well as dogs.">
<attType code="20002491" text="Gender of Species" definition="Indicate, with reference to the product branding, labelling or packaging, the descriptive term that is used by the product manufacturer to identify the gender of the animal species.">
<attValue code="30003891" text="FEMALE" definition=""/>
<attValue code="30004039" text="MALE" definition=""/>
<attValue code="30002515" text="UNCLASSIFIED" definition="This term is used to describe those product attributes that are unable to be classified within their specific market; e.g. goat&apos;s cheese - goat&apos;s cheeses is often generically labelled and cannot be further classified."/>
<attValue code="30002518" text="UNIDENTIFIED" definition="This term is used to describe those product attributes that are unidentifiable given existing or available product information."/>
</attType>
<attType code="20002381" text="If Domesticated" definition="Indicate, with reference to the product branding, labelling or packaging, the descriptive term that is used by the product manufacturer to identify whether the animal been domesticated or not.">
<attValue code="30002960" text="NO" definition=""/>
<attValue code="30002518" text="UNIDENTIFIED" definition="This term is used to describe those product attributes that are unidentifiable given existing or available product information."/>
<attValue code="30002654" text="YES" definition=""/>
</attType>
</brick>
<brick code="10005456" text="Fishes" definition="Includes any products that may be described/observed as gilled breathing aquatic vertebrate, generally with fins, which are apt for locomotion and sustentation in the water. Includes products such as the blue shark as well as all colourful tropical fish. Excludes products such as whales and dolphins as well as crustaceans.">
<attType code="20002383" text="Climatic Zone" definition="Indicate, with reference to the product branding, labelling or packaging, the descriptive term that is used by the product manufacturer to identify the geographical zone, taking into account temperature, in which the animal lives prevails.">
<attValue code="30012295" text="ARID" definition=""/>
<attValue code="30000720" text="COMBINATION" definition=""/>
<attValue code="30012297" text="MEDITERRANEAN" definition=""/>
<attValue code="30012296" text="MOUNTAIN (TUNDRA)" definition=""/>
<attValue code="30012293" text="POLAR" definition=""/>
<attValue code="30012294" text="TEMPERATE" definition=""/>
<attValue code="30012292" text="TROPICAL" definition=""/>
<attValue code="30002515" text="UNCLASSIFIED" definition="This term is used to describe those product attributes that are unable to be classified within their specific market; e.g. goat&apos;s cheese - goat&apos;s cheeses is often generically labelled and cannot be further classified."/>
<attValue code="30002518" text="UNIDENTIFIED" definition="This term is used to describe those product attributes that are unidentifiable given existing or available product information."/>
</attType>
<attType code="20002382" text="Environment" definition="Indicate, with reference to the product branding, labelling or packaging, the descriptive term that is used by the product manufacturer to identify the natural environment in which the animal lives.">
<attValue code="30001044" text="FRESHWATER" definition=""/>
<attValue code="30006917" text="SALT WATER" definition=""/>
<attValue code="30002515" text="UNCLASSIFIED" definition="This term is used to describe those product attributes that are unable to be classified within their specific market; e.g. goat&apos;s cheese - goat&apos;s cheeses is often generically labelled and cannot be further classified."/>
<attValue code="30002518" text="UNIDENTIFIED" definition="This term is used to describe those product attributes that are unidentifiable given existing or available product information."/>
</attType>
<attType code="20002491" text="Gender of Species" definition="Indicate, with reference to the product branding, labelling or packaging, the descriptive term that is used by the product manufacturer to identify the gender of the animal species.">
<attValue code="30003891" text="FEMALE" definition=""/>
<attValue code="30004039" text="MALE" definition=""/>
<attValue code="30002515" text="UNCLASSIFIED" definition="This term is used to describe those product attributes that are unable to be classified within their specific market; e.g. goat&apos;s cheese - goat&apos;s cheeses is often generically labelled and cannot be further classified."/>
<attValue code="30002518" text="UNIDENTIFIED" definition="This term is used to describe those product attributes that are unidentifiable given existing or available product information."/>
</attType>
</brick>
<brick code="10005468" text="Lagomorphs (Hares/Rabbits)" definition="Includes any products that may be described/observed as any of various herbivorous mammals having fully furred feet and two pairs of upper incisors and belonging to the order Lagomorpha. Includes rabbits, hares, and pikas. Excludes marsupials and reptiles.">
<attType code="20002491" text="Gender of Species" definition="Indicate, with reference to the product branding, labelling or packaging, the descriptive term that is used by the product manufacturer to identify the gender of the animal species.">
<attValue code="30003891" text="FEMALE" definition=""/>
<attValue code="30004039" text="MALE" definition=""/>
<attValue code="30002515" text="UNCLASSIFIED" definition="This term is used to describe those product attributes that are unable to be classified within their specific market; e.g. goat&apos;s cheese - goat&apos;s cheeses is often generically labelled and cannot be further classified."/>
<attValue code="30002518" text="UNIDENTIFIED" definition="This term is used to describe those product attributes that are unidentifiable given existing or available product information."/>
</attType>
</brick>
<brick code="10005467" text="Marsupials" definition="Includes any products that may be described/observed as any of various non-placental mammals of the order Marsupialia. Includes kangaroos, opossums, bandicoots, and wombats. Excludes lagomorphs and reptiles.">
<attType code="20002491" text="Gender of Species" definition="Indicate, with reference to the product branding, labelling or packaging, the descriptive term that is used by the product manufacturer to identify the gender of the animal species.">
<attValue code="30003891" text="FEMALE" definition=""/>
<attValue code="30004039" text="MALE" definition=""/>
<attValue code="30002515" text="UNCLASSIFIED" definition="This term is used to describe those product attributes that are unable to be classified within their specific market; e.g. goat&apos;s cheese - goat&apos;s cheeses is often generically labelled and cannot be further classified."/>
<attValue code="30002518" text="UNIDENTIFIED" definition="This term is used to describe those product attributes that are unidentifiable given existing or available product information."/>
</attType>
</brick>
<brick code="10005465" text="Ovine (Sheep)" definition="Includes any products that may be described/observed as any of usually horned ruminant animals of the genus Ovis in the family Bovidae. Includes both wild and domesticated species. Excludes goats, pigs and any of the ovine products, such as meat or wool.">
<attType code="20002491" text="Gender of Species" definition="Indicate, with reference to the product branding, labelling or packaging, the descriptive term that is used by the product manufacturer to identify the gender of the animal species.">
<attValue code="30003891" text="FEMALE" definition=""/>
<attValue code="30004039" text="MALE" definition=""/>
<attValue code="30002515" text="UNCLASSIFIED" definition="This term is used to describe those product attributes that are unable to be classified within their specific market; e.g. goat&apos;s cheese - goat&apos;s cheeses is often generically labelled and cannot be further classified."/>
<attValue code="30002518" text="UNIDENTIFIED" definition="This term is used to describe those product attributes that are unidentifiable given existing or available product information."/>
</attType>
</brick>
<brick code="10005459" text="Primates" definition="Includes any products that may be described/observed as large-brained, mostly tree-dwelling mammals with three-dimensional colour vision and grasping hands. Includes products such as monkeys and lemurs as well as humans. Excludes products such as reptiles and amphibians.">
<attType code="20002491" text="Gender of Species" definition="Indicate, with reference to the product branding, labelling or packaging, the descriptive term that is used by the product manufacturer to identify the gender of the animal species.">
<attValue code="30003891" text="FEMALE" definition=""/>
<attValue code="30004039" text="MALE" definition=""/>
<attValue code="30002515" text="UNCLASSIFIED" definition="This term is used to describe those product attributes that are unable to be classified within their specific market; e.g. goat&apos;s cheese - goat&apos;s cheeses is often generically labelled and cannot be further classified."/>
<attValue code="30002518" text="UNIDENTIFIED" definition="This term is used to describe those product attributes that are unidentifiable given existing or available product information."/>
</attType>
</brick>
<brick code="10005466" text="Reptiles" definition="Includes any products that may be described/observed as any of various cold-blooded, usually egg-laying vertebrates of the class Reptilia, having an external covering of scales or horny plates and breathing by means of lungs. Includes snakes, lizards, crocodiles and turtles. Excludes fish and amphibians.">
<attType code="20002491" text="Gender of Species" definition="Indicate, with reference to the product branding, labelling or packaging, the descriptive term that is used by the product manufacturer to identify the gender of the animal species.">
<attValue code="30003891" text="FEMALE" definition=""/>
<attValue code="30004039" text="MALE" definition=""/>
<attValue code="30002515" text="UNCLASSIFIED" definition="This term is used to describe those product attributes that are unable to be classified within their specific market; e.g. goat&apos;s cheese - goat&apos;s cheeses is often generically labelled and cannot be further classified."/>
<attValue code="30002518" text="UNIDENTIFIED" definition="This term is used to describe those product attributes that are unidentifiable given existing or available product information."/>
</attType>
</brick>
<brick code="10005455" text="Rodents" definition="Includes any products that may be described/observed as warm-blooded animals that have two incisors in the upper and lower jaw that grow continuously and must be kept worn down by gnawing. Includes products such as rats, mice, squirrels and beavers. Excludes products such as rabbits and cats and dogs.">
<attType code="20002383" text="Climatic Zone" definition="Indicate, with reference to the product branding, labelling or packaging, the descriptive term that is used by the product manufacturer to identify the geographical zone, taking into account temperature, in which the animal lives prevails.">
<attValue code="30012295" text="ARID" definition=""/>
<attValue code="30000720" text="COMBINATION" definition=""/>
<attValue code="30012297" text="MEDITERRANEAN" definition=""/>
<attValue code="30012296" text="MOUNTAIN (TUNDRA)" definition=""/>
<attValue code="30012293" text="POLAR" definition=""/>
<attValue code="30012294" text="TEMPERATE" definition=""/>
<attValue code="30012292" text="TROPICAL" definition=""/>
<attValue code="30002515" text="UNCLASSIFIED" definition="This term is used to describe those product attributes that are unable to be classified within their specific market; e.g. goat&apos;s cheese - goat&apos;s cheeses is often generically labelled and cannot be further classified."/>
<attValue code="30002518" text="UNIDENTIFIED" definition="This term is used to describe those product attributes that are unidentifiable given existing or available product information."/>
</attType>
<attType code="20002382" text="Environment" definition="Indicate, with reference to the product branding, labelling or packaging, the descriptive term that is used by the product manufacturer to identify the natural environment in which the animal lives.">
<attValue code="30014418" text="EARTH" definition=""/>
<attValue code="30001044" text="FRESHWATER" definition=""/>
<attValue code="30006917" text="SALT WATER" definition=""/>
<attValue code="30002515" text="UNCLASSIFIED" definition="This term is used to describe those product attributes that are unable to be classified within their specific market; e.g. goat&apos;s cheese - goat&apos;s cheeses is often generically labelled and cannot be further classified."/>
<attValue code="30002518" text="UNIDENTIFIED" definition="This term is used to describe those product attributes that are unidentifiable given existing or available product information."/>
</attType>
<attType code="20002491" text="Gender of Species" definition="Indicate, with reference to the product branding, labelling or packaging, the descriptive term that is used by the product manufacturer to identify the gender of the animal species.">
<attValue code="30003891" text="FEMALE" definition=""/>
<attValue code="30004039" text="MALE" definition=""/>
<attValue code="30002515" text="UNCLASSIFIED" definition="This term is used to describe those product attributes that are unable to be classified within their specific market; e.g. goat&apos;s cheese - goat&apos;s cheeses is often generically labelled and cannot be further classified."/>
<attValue code="30002518" text="UNIDENTIFIED" definition="This term is used to describe those product attributes that are unidentifiable given existing or available product information."/>
</attType>
<attType code="20002381" text="If Domesticated" definition="Indicate, with reference to the product branding, labelling or packaging, the descriptive term that is used by the product manufacturer to identify whether the animal been domesticated or not.">
<attValue code="30002960" text="NO" definition=""/>
<attValue code="30002518" text="UNIDENTIFIED" definition="This term is used to describe those product attributes that are unidentifiable given existing or available product information."/>
<attValue code="30002654" text="YES" definition=""/>
</attType>
<attType code="20002377" text="Type of Feeding" definition="Indicate, with reference to the product branding, labelling or packaging, the descriptive term that is used by the product manufacturer to identify the feeding habit of the animal with regards to whether this is strictly vegetarian or carnivorous or a combination of foodstuff.">
<attValue code="30012283" text="CARNIVORE" definition=""/>
<attValue code="30012284" text="HERBIVORE" definition=""/>
<attValue code="30012285" text="OMNIVORE" definition=""/>
<attValue code="30002518" text="UNIDENTIFIED" definition="This term is used to describe those product attributes that are unidentifiable given existing or available product information."/>
</attType>
</brick>
<brick code="10005464" text="Swine (Pigs)" definition="Includes any products that may be described/observed as any of omnivorous, even-toed animals the family Suidae, which typically have a stout body, thick skin, a short neck, and a movable snout. Includes such products as pigs, hogs and boars. Excludes products such as goats, sheep and any pork meat.">
<attType code="20002491" text="Gender of Species" definition="Indicate, with reference to the product branding, labelling or packaging, the descriptive term that is used by the product manufacturer to identify the gender of the animal species.">
<attValue code="30003891" text="FEMALE" definition=""/>
<attValue code="30004039" text="MALE" definition=""/>
<attValue code="30002515" text="UNCLASSIFIED" definition="This term is used to describe those product attributes that are unable to be classified within their specific market; e.g. goat&apos;s cheese - goat&apos;s cheeses is often generically labelled and cannot be further classified."/>
<attValue code="30002518" text="UNIDENTIFIED" definition="This term is used to describe those product attributes that are unidentifiable given existing or available product information."/>
</attType>
</brick>
<brick code="10005476" text="Vertebrates Other" definition="Includes any products that may be described/observed as an animal with a vertebrate, where the user of the schema is not able to classify the products in existing bricks within the schema. Excludes all currently classified vertebrate animals.">
</brick>
</class>
</family>
</segment>
</schema></gpc:gs1Schema></eanucc:message></sh:StandardBusinessDocument>
