<?xml version="1.0" encoding="UTF-8"?>  <sh:StandardBusinessDocument xmlns:sh="http://www.unece.org/cefact/namespaces/StandardBusinessDocumentHeader" xmlns:eanucc="urn:ean.ucc:2" xmlns:gpc="urn:ean.ucc:gpc:2" xmlns:xsi="http://www.w3.org/2001/XMLSchema-instance" xsi:schemaLocation="http://www.unece.org/cefact/namespaces/StandardBusinessDocumentHeader ../Schemas/sbdh/StandardBusinessDocumentHeader.xsd urn:ean.ucc:2 ../Schemas/Gs1SchemaProxy.xsd"> 	<sh:StandardBusinessDocumentHeader> 		<sh:HeaderVersion>2.2</sh:HeaderVersion> 		<sh:Sender> 			<sh:Identifier Authority="GS1">0000000000000</sh:Identifier> 			<sh:ContactInformation> 				<sh:Contact>Mike Mowad</sh:Contact> 				<sh:EmailAddress>gsmp@gs1.org</sh:EmailAddress> 				<sh:FaxNumber>+1 609-557-4599</sh:FaxNumber> 				<sh:TelephoneNumber>+1 609-557-4568</sh:TelephoneNumber> 				<sh:ContactTypeIdentifier></sh:ContactTypeIdentifier> 			</sh:ContactInformation> 		</sh:Sender> 		<sh:Receiver> 			<sh:Identifier Authority="GS1">0000000000000</sh:Identifier> 			<sh:ContactInformation> 				<sh:Contact>Mike Mowad</sh:Contact> 				<sh:EmailAddress>gsmp@gs1.org</sh:EmailAddress> 				<sh:FaxNumber>+1 609-557-4599</sh:FaxNumber> 				<sh:TelephoneNumber>+1 609-557-4568</sh:TelephoneNumber> 				<sh:ContactTypeIdentifier></sh:ContactTypeIdentifier> 			</sh:ContactInformation> 		</sh:Receiver> 		<sh:DocumentIdentification> 			<sh:Standard>GS1</sh:Standard> 			<sh:TypeVersion>2.0.2</sh:TypeVersion> 			<sh:InstanceIdentifier>100003</sh:InstanceIdentifier> 			<sh:Type>Gs1Schema</sh:Type> 			<sh:MultipleType>false</sh:MultipleType> 			<sh:CreationDateAndTime>2005-09-19T12:00:01.000</sh:CreationDateAndTime> 		</sh:DocumentIdentification> 	</sh:StandardBusinessDocumentHeader> 	<eanucc:message> 		<entityIdentification> 			<uniqueCreatorIdentification>MSG-123-20050919</uniqueCreatorIdentification> 			<contentOwner> 				<gln>0000000000000</gln> 			</contentOwner> 		</entityIdentification> 		<gpc:gs1Schema xsi:schemaLocation="urn:ean.ucc:2 ../Schemas/Gs1SchemaProxy.xsd"> <schema> <currentVersion>as at 01122020 EN</currentVersion> <previousVersion></previousVersion>
<segment code="74000000" text="Camping" definition="">
<family code="74010000" text="Camping" definition="">
<class code="74010100" text="Tents/Weather Structures" definition="">
<brick code="10002072" text="Camping Tent Accessories" definition="Includes any products that can be described/observed as an accessory specifically designed for use in conjunction with tents during outdoor camping. Includes products such as Tent Groundsheets, Tent Pegs, Tent Guy Ropes and Tent Poles. Specifically excludes Camping Tent Treatments/Repair Kits. Excludes products such as Hammers, String and Rope.">
<attType code="20001610" text="Type of Tent Accessory" definition="Indicates, with reference to the product branding, labelling or packaging, the descriptive term that is used by the product manufacturer to identify the type of tent accessory.">
<attValue code="30010551" text="TENT BUCKLE" definition=""/>
<attValue code="30010552" text="TENT CLIP" definition=""/>
<attValue code="30010564" text="TENT GROUNDSHEETS" definition=""/>
<attValue code="30009465" text="TENT GUY ROPE" definition=""/>
<attValue code="30010553" text="TENT HOOK" definition=""/>
<attValue code="30009467" text="TENT MALLET" definition=""/>
<attValue code="30009468" text="TENT MOSQUITO NET" definition=""/>
<attValue code="30009469" text="TENT PEG" definition=""/>
<attValue code="30009470" text="TENT PEG EXTRACTOR" definition=""/>
<attValue code="30009471" text="TENT POLE" definition=""/>
<attValue code="30010554" text="TENT SHOCKCORD" definition=""/>
<attValue code="30010555" text="TENT SKEWER/STAKE" definition=""/>
<attValue code="30002515" text="UNCLASSIFIED" definition="This term is used to describe those product attributes that are unable to be classified within their specific market; e.g. goat&apos;s cheese - goat&apos;s cheeses is often generically labelled and cannot be further classified."/>
<attValue code="30002518" text="UNIDENTIFIED" definition="This term is used to describe those product attributes that are unidentifiable given existing or available product information."/>
</attType>
</brick>
<brick code="10002071" text="Camping Tent Treatments/Repair Kits" definition="Includes any products that may be described or observed as an item, preparation or kit specifically designed for the treatment or repair of tent structures, shelters or tent extensions. Includes products such as Tent Repair Tape, Tent Seam Sealant and Tent Repair Kits. Excludes products such as general Wax, Glue and Rope.">
<attType code="20001609" text="Type of Tent Treatment/Repair Kit" definition="Indicates, with reference to the product branding, labelling or packaging, the descriptive term that is used by the product manufacturer to identify the type of tent treatment or repair kit.">
<attValue code="30010556" text="TENT CLEANER" definition=""/>
<attValue code="30009456" text="TENT POLE REPAIR KIT" definition=""/>
<attValue code="30009457" text="TENT REPAIR KIT" definition=""/>
<attValue code="30009458" text="TENT REPAIR TAPE" definition=""/>
<attValue code="30010548" text="TENT SEAM SEALANT" definition=""/>
<attValue code="30010549" text="TENT WATERPROOFING SPRAY" definition=""/>
<attValue code="30010557" text="TENT ZIP LUBRICANT" definition=""/>
<attValue code="30002515" text="UNCLASSIFIED" definition="This term is used to describe those product attributes that are unable to be classified within their specific market; e.g. goat&apos;s cheese - goat&apos;s cheeses is often generically labelled and cannot be further classified."/>
<attValue code="30002518" text="UNIDENTIFIED" definition="This term is used to describe those product attributes that are unidentifiable given existing or available product information."/>
</attType>
</brick>
<brick code="10002069" text="Camping Tents" definition="Includes any products that may be described/observed as a temporary shelter made of a hardwearing, weatherproof fabric, which is supported by poles and ropes and which can be folded away to facilitate storage and transport. These products are specifically designed for outdoor camping, providing a sheltered living and sleeping area. Includes products such as Dome Tents and Cabin Tents. Specifically excludes Weather Structures and Tent Extensions. Excludes products such as Event Tents/Marquees, Folding Tents and Outdoor Play Houses.">
<attType code="20001606" text="Number of People/Capacity of Tent" definition="Indicates, with reference to the product branding, labelling or packaging, the descriptive term that is used by the product manufacturer to identify how many people the tent is designed to accommodate.">
<attValue code="30009439" text="1 PERSON TENT" definition=""/>
<attValue code="30009440" text="2 PERSON TENT" definition=""/>
<attValue code="30009441" text="3 PERSON TENT" definition=""/>
<attValue code="30009442" text="4 PERSON TENT" definition=""/>
<attValue code="30009443" text="5 PERSON TENT" definition=""/>
<attValue code="30009444" text="6+ PERSON TENT" definition=""/>
<attValue code="30002515" text="UNCLASSIFIED" definition="This term is used to describe those product attributes that are unable to be classified within their specific market; e.g. goat&apos;s cheese - goat&apos;s cheeses is often generically labelled and cannot be further classified."/>
<attValue code="30002518" text="UNIDENTIFIED" definition="This term is used to describe those product attributes that are unidentifiable given existing or available product information."/>
</attType>
<attType code="20001607" text="Shape/Structure of Tent" definition="Indicates, with reference to the product branding, labelling or packaging, the descriptive term that is used by the product manufacturer to identify the shape or structure of the tent.">
<attValue code="30010679" text="A-FRAME TENT" definition=""/>
<attValue code="30009445" text="BELL TENT" definition=""/>
<attValue code="30010565" text="CABIN TENT" definition=""/>
<attValue code="30010680" text="CARAVAN TENT" definition=""/>
<attValue code="30009446" text="DOME/TUNNEL TENT" definition=""/>
<attValue code="30010678" text="HEXAGONAL TENT" definition=""/>
<attValue code="30010567" text="TRUCK/TRAILER TENT" definition=""/>
<attValue code="30002515" text="UNCLASSIFIED" definition="This term is used to describe those product attributes that are unable to be classified within their specific market; e.g. goat&apos;s cheese - goat&apos;s cheeses is often generically labelled and cannot be further classified."/>
<attValue code="30002518" text="UNIDENTIFIED" definition="This term is used to describe those product attributes that are unidentifiable given existing or available product information."/>
</attType>
</brick>
<brick code="10002073" text="Tents/Weather Structures Other" definition="Includes any products that can be described/observed as a Tent/Weather Structure item or accessory typically intended for use during outdoor camping, where the user of the schema is not able to classify the products in existing bricks within the schema. Excludes all currently classified Tent/Weather Structures.">
</brick>
<brick code="10002074" text="Tents/Weather Structures Variety Packs" definition="Includes any products than can be described/observed as two or more distinct Tent/Weather Structure products sold together which exist within the schema but belong to different bricks but to the same class, that is two or more products contained within the same pack which cross bricks within the Tents/Weather Structures class. Includes products such as Tent and Tent Repair Kit variety packs. Items that are received free with purchases should be removed from the classification decision-making process. Excludes products such as Tent and Sleeping Bag variety packs and Camping Furniture variety packs.">
</brick>
<brick code="10002070" text="Weather Structures/Tent Extensions" definition="Includes any products that may be described/observed as a structure specifically designed for use during camping that is an extension to an existing tent structure and which provides additional living space and shelter. Includes products such as Camping Cooking Shelters and Camping Wind Shelters. Excludes products such as Tents, Camping Storage products, Marquees and Pagodas.">
<attType code="20001608" text="Type of Weather Structure/Tent Extension" definition="Indicates, with reference to the product branding, labelling or packaging, the descriptive term that is used by the product manufacturer to identify the type of weather structure or tent extension.">
<attValue code="30009452" text="CAMPING DINING SHELTER" definition=""/>
<attValue code="30009451" text="CAMPING KITCHEN TENT EXTENSION" definition=""/>
<attValue code="30009453" text="CAMPING WIND SHELTER" definition=""/>
<attValue code="30010660" text="SHOWER ENCLOSURE TENT EXTENSION" definition=""/>
<attValue code="30010661" text="TOILET ENCLOSURE TENT EXTENSION" definition=""/>
<attValue code="30002515" text="UNCLASSIFIED" definition="This term is used to describe those product attributes that are unable to be classified within their specific market; e.g. goat&apos;s cheese - goat&apos;s cheeses is often generically labelled and cannot be further classified."/>
<attValue code="30002518" text="UNIDENTIFIED" definition="This term is used to describe those product attributes that are unidentifiable given existing or available product information."/>
</attType>
</brick>
</class>
<class code="74010200" text="Camping Heating/Lighting Equipment" definition="">
<brick code="10002077" text="Camping Heating/Lighting Equipment Other" definition="Includes any products that can be described/observed as a product designed for providing heat or light and typically intended for use during outdoor camping, where the user of the schema is not able to classify the products in existing bricks within the schema. Excludes all currently classified heating or lighting products to be found within the Camping Heating/Lighting Equipment Segment, as well as any heating and lighting equipment to be found within the Home Appliances and Lawn and Garden Segments.">
</brick>
<brick code="10002078" text="Camping Heating/Lighting Equipment Variety Packs" definition="Includes any products than can be described/observed as two or more distinct camping heating and/or lighting products sold together, which exist within the schema belonging to different bricks but to the same class, that is two or more products contained within the same pack which cross bricks within the Camping Heating/Lighting Equipment class. Includes products such as a Camping Heater and Camping Lantern sold together. Items that are received free with purchases should be removed from the classification decision-making process. Excludes products such as Camping Heater and Camping Stove variety packs">
</brick>
<brick code="10002076" text="Camping Lanterns" definition="Includes any products that can be described/observed as a portable illuminating device specifically designed for providing light and typically designed for use during outdoor camping. Includes products such as gas-fuelled Camping Lanterns and candlelit Camping Lanterns. Specifically excludes Lanterns - Powered, Torches and Batteries. Excludes products such as Garden Lanterns and Light Bulbs.">
<attType code="20001870" text="Fuel/Light Source" definition="Indicates with reference to the product branding, labelling or packaging, the descriptive term that is used by the product manufacturer to identify the type of fuel or product that is burned to create light.">
<attValue code="30010610" text="CANDLE" definition=""/>
<attValue code="30008571" text="GAS" definition=""/>
<attValue code="30001717" text="OIL" definition=""/>
<attValue code="30002515" text="UNCLASSIFIED" definition="This term is used to describe those product attributes that are unable to be classified within their specific market; e.g. goat&apos;s cheese - goat&apos;s cheeses is often generically labelled and cannot be further classified."/>
<attValue code="30002518" text="UNIDENTIFIED" definition="This term is used to describe those product attributes that are unidentifiable given existing or available product information."/>
</attType>
</brick>
<brick code="10004099" text="Camping Water Heaters" definition="Includes any products that can be described/observed as a product used in the heating or warming of water used during outdoor camping. Includes Water Heaters with clip-on batteries and Water Heaters that are completely self-contained with an incorporated, rechargeable battery. Specifically excludes Camping Showers. Excludes products such as Tent Heaters and hot water Urns powered by mains electricity.">
<attType code="20002043" text="If Incorporated Battery" definition="Indicates, with reference to the product branding, labelling or packaging, the descriptive term that is used by the product manufacturer to identify whether the product is a self contained unit with an incorporated battery.">
<attValue code="30002960" text="NO" definition=""/>
<attValue code="30002518" text="UNIDENTIFIED" definition="This term is used to describe those product attributes that are unidentifiable given existing or available product information."/>
<attValue code="30002654" text="YES" definition=""/>
</attType>
<attType code="20002042" text="Number of Burners" definition="Indicates, with reference to the product branding, labelling or packaging, the descriptive term that is used by the product manufacturer to identify the number of fuel burning canisters that can be attached to the product.">
<attValue code="30009203" text="1" definition=""/>
<attValue code="30009204" text="2" definition=""/>
<attValue code="30002515" text="UNCLASSIFIED" definition="This term is used to describe those product attributes that are unable to be classified within their specific market; e.g. goat&apos;s cheese - goat&apos;s cheeses is often generically labelled and cannot be further classified."/>
<attValue code="30002518" text="UNIDENTIFIED" definition="This term is used to describe those product attributes that are unidentifiable given existing or available product information."/>
</attType>
</brick>
<brick code="10002075" text="Tent Heaters" definition="Includes any products that can be described/observed as a product used in the heating or warming of a tent enclosure and which is intended for use during outdoor camping. Due to the confined spaces of tent enclosures, these products are typically designed with safety features that eliminate carbon monoxide emissions. Includes Tent Heaters with clip-on batteries and Tent Heaters that are completely self-contained with an incorporated, rechargeable battery. Specifically excludes Camping Stoves. Excludes products such as indoor Heaters powered by mains electricity, garden space Heaters and Lanterns.">
<attType code="20002043" text="If Incorporated Battery" definition="Indicates, with reference to the product branding, labelling or packaging, the descriptive term that is used by the product manufacturer to identify whether the product is a self contained unit with an incorporated battery.">
<attValue code="30002960" text="NO" definition=""/>
<attValue code="30002518" text="UNIDENTIFIED" definition="This term is used to describe those product attributes that are unidentifiable given existing or available product information."/>
<attValue code="30002654" text="YES" definition=""/>
</attType>
<attType code="20002042" text="Number of Burners" definition="Indicates, with reference to the product branding, labelling or packaging, the descriptive term that is used by the product manufacturer to identify the number of fuel burning canisters that can be attached to the product.">
<attValue code="30009203" text="1" definition=""/>
<attValue code="30009204" text="2" definition=""/>
<attValue code="30002515" text="UNCLASSIFIED" definition="This term is used to describe those product attributes that are unable to be classified within their specific market; e.g. goat&apos;s cheese - goat&apos;s cheeses is often generically labelled and cannot be further classified."/>
<attValue code="30002518" text="UNIDENTIFIED" definition="This term is used to describe those product attributes that are unidentifiable given existing or available product information."/>
</attType>
</brick>
</class>
<class code="74010300" text="Camping Furniture/Furnishings" definition="">
<brick code="10002079" text="Camping Beds/Sleeping Mats" definition="Includes any products that can be described/observed as a horizontal surface, specifically designed to be used as a bed or mat for sleeping on during outdoor camping and which folds away or is easily dismantled for practical storage. Includes products such as Camping Folding Beds, Camping Folding Cots and Camping Roll-Up Sleeping Mats. Excludes products such as Sleeping Bags, Groundsheets and Gym Mats, as well as Inflatable Mattresses, which are classified in Household Furniture.">
<attType code="20001615" text="Type of Camping Bed/Sleeping Mat" definition="Indicates, with reference to the product branding, labelling or packaging, the descriptive term that is used by the product manufacturer to identify the type of camping bed or camping sleeping mat.">
<attValue code="30009479" text="CAMPING FOLDING BED" definition=""/>
<attValue code="30009480" text="CAMPING FOLDING COT" definition=""/>
<attValue code="30010581" text="CAMPING ROLL-UP SLEEPING MAT" definition=""/>
<attValue code="30002515" text="UNCLASSIFIED" definition="This term is used to describe those product attributes that are unable to be classified within their specific market; e.g. goat&apos;s cheese - goat&apos;s cheeses is often generically labelled and cannot be further classified."/>
<attValue code="30002518" text="UNIDENTIFIED" definition="This term is used to describe those product attributes that are unidentifiable given existing or available product information."/>
</attType>
</brick>
<brick code="10002085" text="Camping Furniture/Furnishings Other" definition="Includes any products that can be described/observed as Camping Furniture or Furnishing designed for use during outdoor camping, where the user of the schema is not able to classify the products in existing bricks within the schema. Excludes all currently classified Camping Furniture/Furnishings as well as articles to be found within the Household and Garden Furniture Segments.">
</brick>
<brick code="10002086" text="Camping Furniture/Furnishings Variety Packs" definition="Includes any products than can be described/observed as two or more distinct Camping Furniture/Furnishings products sold together that exist within the schema belonging to different bricks but to the same class, that is two or more products contained within the same pack, which cross bricks within the Camping Furniture/Furnishings class. Includes products such as a Camping Bed and Sleeping Bag variety pack. Items that are received free with purchases should be removed from the classification decision-making process. Excludes products such as a Tent and Camping Wardrobe variety pack.">
</brick>
<brick code="10002081" text="Camping Seating" definition="Includes any products that can be described/observed as a piece of furniture consisting of a seat supported on two or more legs, often including arm and back support, specifically intended for use during outdoor camping. Typically, these products are collapsible to enable easy storage and transport. Includes products such as Camping Chairs and Camping Stools. Excludes products such as Lawn and Garden Seating and Seating classified in Household Furniture.">
<attType code="20001617" text="Type of Camping Seating" definition="Indicates, with reference to the product branding, labelling or packaging, the descriptive term that is used by the product manufacturer to identify the type of camping seat.">
<attValue code="30009484" text="CAMPING CHAIR" definition=""/>
<attValue code="30009486" text="CAMPING STOOL" definition=""/>
<attValue code="30002515" text="UNCLASSIFIED" definition="This term is used to describe those product attributes that are unable to be classified within their specific market; e.g. goat&apos;s cheese - goat&apos;s cheeses is often generically labelled and cannot be further classified."/>
<attValue code="30002518" text="UNIDENTIFIED" definition="This term is used to describe those product attributes that are unidentifiable given existing or available product information."/>
</attType>
</brick>
<brick code="10002083" text="Camping Storage" definition="Includes any products that can be described/observed as a structure or apparatus specifically designed for storage of items used during outdoor camping. Includes products such as Camping Caddies, Camping Larders and Camping Wardrobes. Excludes products such as Tent Extensions and Household Storage classified in Household Furniture and Furnishings.">
<attType code="20001619" text="Type of Camping Storage" definition="Indicates, with reference to the product branding, labelling or packaging, the descriptive term that is used by the product manufacturer to identify the type of camping storage.">
<attValue code="30009490" text="CAMPING CADDY" definition=""/>
<attValue code="30009513" text="CAMPING HANGING LARDER" definition=""/>
<attValue code="30009514" text="CAMPING LARDER" definition=""/>
<attValue code="30009511" text="CAMPING PICNIC BASKET" definition=""/>
<attValue code="30009491" text="CAMPING WARDROBE" definition=""/>
<attValue code="30002515" text="UNCLASSIFIED" definition="This term is used to describe those product attributes that are unable to be classified within their specific market; e.g. goat&apos;s cheese - goat&apos;s cheeses is often generically labelled and cannot be further classified."/>
<attValue code="30002518" text="UNIDENTIFIED" definition="This term is used to describe those product attributes that are unidentifiable given existing or available product information."/>
</attType>
</brick>
<brick code="10002084" text="Camping Tables" definition="Includes any products that can be described/observed as a horizontal surface supported on two or more legs, specifically intended for use during camping. These products are typically designed to be collapsible, to enable easy storage and transport. Excludes products such as Lawn and Garden Tables and Household Tables classified in Furniture and Furnishings.">
</brick>
<brick code="10002080" text="Sleeping Bags" definition="Includes any products that can be described/observed as a lined bag specifically designed for comfort and warmth while sleeping and typically intended for use during outdoor camping. Includes products such as Single or Double Sleeping Bags and Mummy Bags. Excludes products such as Blankets, Camping Beds and Camping Sleeping Mats.">
<attType code="20001616" text="Shape of Sleeping Bag" definition="Indicates, with reference to the product branding, labelling or packaging, the descriptive term that is used by the product manufacturer to identify the shape of the sleeping bag.">
<attValue code="30009483" text="BODY-CONTOURED/MUMMY SLEEPING BAG" definition=""/>
<attValue code="30010676" text="RECTANGULAR SLEEPING BAG" definition=""/>
<attValue code="30002515" text="UNCLASSIFIED" definition="This term is used to describe those product attributes that are unable to be classified within their specific market; e.g. goat&apos;s cheese - goat&apos;s cheeses is often generically labelled and cannot be further classified."/>
<attValue code="30002518" text="UNIDENTIFIED" definition="This term is used to describe those product attributes that are unidentifiable given existing or available product information."/>
</attType>
<attType code="20002003" text="Single/Double" definition="Indicates, with reference to the product branding, labelling or packaging, the descriptive term that is used by the product manufacturer to identify whether the product is a single or double.">
<attValue code="30009248" text="DOUBLE" definition=""/>
<attValue code="30007926" text="SINGLE" definition=""/>
<attValue code="30002518" text="UNIDENTIFIED" definition="This term is used to describe those product attributes that are unidentifiable given existing or available product information."/>
</attType>
<attType code="20002002" text="Type of Filling/Wadding" definition="Indicates, with reference to the product branding, labelling or packaging, the descriptive term that is used by the product manufacturer to identify the type of filling/wadding that is used to pad the sleeping bag.">
<attValue code="30003750" text="COTTON FIBRE" definition=""/>
<attValue code="30009865" text="DOWN/FEATHER" definition=""/>
<attValue code="30004291" text="SYNTHETIC FIBRE" definition=""/>
<attValue code="30002515" text="UNCLASSIFIED" definition="This term is used to describe those product attributes that are unable to be classified within their specific market; e.g. goat&apos;s cheese - goat&apos;s cheeses is often generically labelled and cannot be further classified."/>
<attValue code="30002518" text="UNIDENTIFIED" definition="This term is used to describe those product attributes that are unidentifiable given existing or available product information."/>
</attType>
</brick>
</class>
<class code="74010400" text="Camping Cooking/Drinking/Eating Equipment" definition="">
<brick code="10002093" text="Camping Cooking/Drinking/Eating Equipment - Replacement Parts/Accessories" definition="Includes any products that can be described/observed as an accessory or replacement part for camping cooking equipment, drinking equipment or eating equipment. Includes products such as Camping Water Canister Stands, Camping Stove Fittings and Camping Water Filter Cartridges. Excludes all other products currently classified within the Camping Cooking/Drinking/Eating Equipment class, such as Camping Cookware and Camping Tableware. Also excludes products such as Fuel Bottles, Canisters and Pumps classified in Fuels/Fuels Additives.">
<attType code="20001628" text="Type of Camping Cooking/Drinking/Eating Replacement Part/Accessory" definition="Indicates, with reference to the product branding, labelling or packaging, the descriptive term that is used by the product manufacturer to identify the type of replacement part or accessory for a camping cooking product, camping drinking product or camping eating product.">
<attValue code="30010579" text="CAMPING STOVE RING/PLATE FITTING" definition=""/>
<attValue code="30010580" text="CAMPING STOVE TOASTER FITTING" definition=""/>
<attValue code="30009529" text="CAMPING WATER CANISTER FILLER TUBE" definition=""/>
<attValue code="30009530" text="CAMPING WATER CANISTER STAND" definition=""/>
<attValue code="30009531" text="CAMPING WATER CANISTER STRAP" definition=""/>
<attValue code="30009532" text="CAMPING WATER CANISTER TAP" definition=""/>
<attValue code="30010640" text="CAMPING WATER FILTER CARTRIDGE" definition=""/>
<attValue code="30009534" text="CAMPING WATER FILTER CLEANING KIT" definition=""/>
<attValue code="30002515" text="UNCLASSIFIED" definition="This term is used to describe those product attributes that are unable to be classified within their specific market; e.g. goat&apos;s cheese - goat&apos;s cheeses is often generically labelled and cannot be further classified."/>
<attValue code="30002518" text="UNIDENTIFIED" definition="This term is used to describe those product attributes that are unidentifiable given existing or available product information."/>
</attType>
</brick>
<brick code="10002094" text="Camping Cooking/Drinking/Eating Equipment Other" definition="Includes any products that can be described/observed as equipment or an accessory specifically designed for the preparation, cooking and/or serving of food, as well as the inclusion of products that cater for the provision and maintenance of drinking supplies, where the user of the schema is not able to classify the products in existing bricks within the schema. Excludes all currently classified Camping Cooking/Drinking/Eating Equipment as well as articles to be found within the Household Kitchen Merchandise Segment.">
</brick>
<brick code="10002095" text="Camping Cooking/Drinking/Eating Equipment Variety Packs" definition="Includes any products than can be described/observed as two or more distinct Camping Cooking/Drinking/Eating Equipment items sold together, which exist within the schema belonging to different bricks but to the same class, that is two or more products contained within the same pack which cross bricks within the Camping Cooking/Drinking/Eating Equipment class. Includes products such as Camping Stoves and Camping Stove Accessories sold together. Items that are received free with purchases should be removed from the classification decision-making process. Excludes products such as Camping Cooking Shelter and Camping Stove variety packs.">
</brick>
<brick code="10002092" text="Camping Cookware" definition="Includes any products that can be described/observed as food preparation or cooking equipment specifically designed for use during outdoor camping, either in a camping kitchen or on an open fire. Includes products such as Camping Cookware Sets, Camping Cooking Utensils, Camping Kettles and cauldrons. Excludes products such as Camping Tableware, Camping Stoves, Camping Cooking Shelters, Disposable Cookware classified in Homecare and Household Cookware classified in Kitchen Merchandise.">
<attType code="20001627" text="Type of Camping Cookware" definition="Indicates, with reference to the product branding, labelling or packaging, the descriptive term that is used by the product manufacturer to identify the type of camping cookware.">
<attValue code="30009521" text="CAMPING BILLY CAN" definition=""/>
<attValue code="30009522" text="CAMPING COOKING UTENSILS" definition=""/>
<attValue code="30010639" text="CAMPING COOKWARE SET" definition=""/>
<attValue code="30009523" text="CAMPING FRYING PAN" definition=""/>
<attValue code="30009524" text="CAMPING KETTLE" definition=""/>
<attValue code="30009525" text="CAMPING POT" definition=""/>
<attValue code="30014864" text="CAULDRON" definition=""/>
<attValue code="30002515" text="UNCLASSIFIED" definition="This term is used to describe those product attributes that are unable to be classified within their specific market; e.g. goat&apos;s cheese - goat&apos;s cheeses is often generically labelled and cannot be further classified."/>
<attValue code="30002518" text="UNIDENTIFIED" definition="This term is used to describe those product attributes that are unidentifiable given existing or available product information."/>
</attType>
</brick>
<brick code="10002087" text="Camping Stoves/Grills/Ovens" definition="Includes any products that can be described/observed as a heat-producing device specifically designed for cooking food outdoors in a camping environment. Gas, kerosene or alcohol/methylated spirits fuel these products. Includes products such as Single Burning Ring Camping Stoves and Combined Burning Rings/Oven/Grill Camping Stoves. Specifically excludes electrically powered Outdoor Stoves. Excludes products such as Urns or Barbeques.">
<attType code="20003066" text="Fuel (Cooking)" definition="Indicates, with reference to the product branding, labelling or packaging, the descriptive term that is used by the product manufacturer to identify the fuel consumed for the cooking process.">
<attValue code="30010645" text="ALCOHOL/METHYLATED SPIRITS" definition=""/>
<attValue code="30011814" text="CHARCOAL" definition=""/>
<attValue code="30000720" text="COMBINATION" definition=""/>
<attValue code="30012509" text="ELECTRICITY" definition=""/>
<attValue code="30017914" text="KEROSENE/PARAFIN" definition=""/>
<attValue code="30010646" text="MULTI FUEL" definition=""/>
<attValue code="30009243" text="NATURAL GAS" definition=""/>
<attValue code="30001717" text="OIL" definition=""/>
<attValue code="30010066" text="PETROL/GASOLINE" definition=""/>
<attValue code="30010656" text="PROPANE" definition=""/>
<attValue code="30008572" text="SOLAR" definition=""/>
<attValue code="30002515" text="UNCLASSIFIED" definition="This term is used to describe those product attributes that are unable to be classified within their specific market; e.g. goat&apos;s cheese - goat&apos;s cheeses is often generically labelled and cannot be further classified."/>
<attValue code="30002518" text="UNIDENTIFIED" definition="This term is used to describe those product attributes that are unidentifiable given existing or available product information."/>
<attValue code="30004369" text="WOOD" definition=""/>
<attValue code="30017913" text="WOOD PELLETS" definition=""/>
</attType>
<attType code="20001622" text="Type of Camping Stove" definition="Indicates, with reference to the product branding, labelling or packaging, the descriptive term that is used by the product manufacturer to identify the type of camping stove.">
<attValue code="30010667" text="CAMPING GRILL" definition=""/>
<attValue code="30010668" text="CAMPING OVEN" definition=""/>
<attValue code="30010669" text="CAMPING STOVE - COMBINED BURNING RING/OVEN" definition=""/>
<attValue code="30010649" text="CAMPING STOVE - COMBINED BURNING RINGS/GRILL" definition=""/>
<attValue code="30010671" text="CAMPING STOVE - COMBINED BURNING RINGS/OVEN/GRILL" definition=""/>
<attValue code="30010670" text="CAMPING STOVE - COMBINED OVEN/GRILL" definition=""/>
<attValue code="30010648" text="CAMPING STOVE - MULTI BURNING RING" definition=""/>
<attValue code="30010647" text="CAMPING STOVE - SINGLE BURNING RING" definition=""/>
<attValue code="30002515" text="UNCLASSIFIED" definition="This term is used to describe those product attributes that are unable to be classified within their specific market; e.g. goat&apos;s cheese - goat&apos;s cheeses is often generically labelled and cannot be further classified."/>
<attValue code="30002518" text="UNIDENTIFIED" definition="This term is used to describe those product attributes that are unidentifiable given existing or available product information."/>
</attType>
</brick>
<brick code="10003773" text="Camping Tableware" definition="Includes any products that can be described/observed as serving, eating or drinking equipment used during the consumption of a camping meal. Includes products such as Camping Cutlery, Camping Plates, Camping Mugs, Camping Tableware Sets and Camping Vacuum Flasks. Excludes products such as Camping Cookware, Camping Water Equipment, Disposable Tableware classified in Homecare and Household Tableware classified in Kitchen Merchandise.">
<attType code="20001991" text="Type of Camping Tableware" definition="Indicates, with reference to the product branding, labelling or packaging, the descriptive term that is used by the product manufacturer to identify the type of camping tableware.">
<attValue code="30010651" text="CAMPING BOWL" definition=""/>
<attValue code="30010650" text="CAMPING CUTLERY" definition=""/>
<attValue code="30010653" text="CAMPING MUG" definition=""/>
<attValue code="30010652" text="CAMPING PLATE" definition=""/>
<attValue code="30010654" text="CAMPING TABLEWARE SET" definition=""/>
<attValue code="30010578" text="CAMPING VACUUM FLASK" definition=""/>
<attValue code="30002515" text="UNCLASSIFIED" definition="This term is used to describe those product attributes that are unable to be classified within their specific market; e.g. goat&apos;s cheese - goat&apos;s cheeses is often generically labelled and cannot be further classified."/>
<attValue code="30002518" text="UNIDENTIFIED" definition="This term is used to describe those product attributes that are unidentifiable given existing or available product information."/>
</attType>
</brick>
<brick code="10002088" text="Camping Water Equipment" definition="Includes any products that can be described/observed as a container for transporting, storing or purifying water. These products are specifically intended for use during camping or outdoor activity. Includes products such as Camping Water Tanks, Camping Water Bottles and Camping Water Filters. Excludes products such as Camping Mugs and Camping Vacuum Flasks classified in Camping Tableware, Camping Water Filter Cartridges classified with Replacement Parts, disposable beverage containers classified in Homecare Disposable Tableware and Kitchen Merchandise such as Urns, Household Kettles, Household Buckets and Household Water Filters.">
<attType code="20001623" text="Type of Camping Water/Drinking Equipment" definition="Indicates, with reference to the product branding, labelling or packaging, the descriptive term that is used by the product manufacturer to identify the type of camping water equipment or camping drinking equipment.">
<attValue code="30010624" text="CAMPING BOTTLE WITH PUSH/PULL CAP" definition=""/>
<attValue code="30010575" text="CAMPING COLLAPSIBLE WATER TANK" definition=""/>
<attValue code="30010576" text="CAMPING FLEXIBLE DRINK DISPENSER/HOSER" definition=""/>
<attValue code="30010574" text="CAMPING FOLDING WATER CARRIER" definition=""/>
<attValue code="30010577" text="CAMPING INSULATED WATER CANTEEN" definition=""/>
<attValue code="30010626" text="CAMPING JERRYCAN" definition=""/>
<attValue code="30010623" text="CAMPING LOOP TOP BOTTLE" definition=""/>
<attValue code="30010627" text="CAMPING WATER FILTER BOTTLE" definition=""/>
<attValue code="30010628" text="CAMPING WATER FILTER CANISTER" definition=""/>
<attValue code="30010629" text="CAMPING WATER FILTER PUMP" definition=""/>
<attValue code="30010625" text="CAMPING WATER TANK ON WHEELS" definition=""/>
<attValue code="30002515" text="UNCLASSIFIED" definition="This term is used to describe those product attributes that are unable to be classified within their specific market; e.g. goat&apos;s cheese - goat&apos;s cheeses is often generically labelled and cannot be further classified."/>
<attValue code="30002518" text="UNIDENTIFIED" definition="This term is used to describe those product attributes that are unidentifiable given existing or available product information."/>
</attType>
</brick>
<brick code="10005198" text="Camping Water Purification Treatments" definition="Includes any products that can be described/observed as a chemical treatment used by campers and travellers to ensure that drinking water is purified, safe and palatable to drink. Includes products such as chlorine tablets and iodine droplets. Excludes products such as camping water filter equipment and bleach tablets classified in Homecare, which are used for cleansing and disinfection of a toilet.">
<attType code="20002190" text="Type of Camping Water Purification Treatment" definition="Indicates, with reference to the product branding, labelling or packaging, the descriptive term that is used by the product manufacturer to identify the type of camping water purification treatment.">
<attValue code="30011621" text="CHLORINE TABLETS" definition=""/>
<attValue code="30011622" text="IODINE DROPLETS" definition=""/>
<attValue code="30011623" text="IODINE TABLETS" definition=""/>
<attValue code="30011624" text="NEUTRALISING TABLETS" definition=""/>
<attValue code="30002515" text="UNCLASSIFIED" definition="This term is used to describe those product attributes that are unable to be classified within their specific market; e.g. goat&apos;s cheese - goat&apos;s cheeses is often generically labelled and cannot be further classified."/>
<attValue code="30002518" text="UNIDENTIFIED" definition="This term is used to describe those product attributes that are unidentifiable given existing or available product information."/>
</attType>
</brick>
<brick code="10002091" text="Insulated Boxes/Bags" definition="Includes any products that may be described/observed as a container or bag, which, upon closure, is specifically designed to maintain the temperature, heat or cool food or beverages. Specifically excludes automotive refrigeration/warmer units and portable food boxes . Excludes products such as Camping Water Containers and Camping Larders, Food/Beverage Storage Containers as well as Portable Food Boxes/Bags/Containers.">
<attType code="20001931" text="Capacity of Box/Bag" definition="Indicates with reference to the product branding, labelling or packaging, the descriptive term that is used by the product manufacturer to identify the capacity of the Insulated Box/Bag.">
<attValue code="30009519" text="&gt;40L INSULATED BOX/BAG" definition=""/>
<attValue code="30009515" text="0-5L INSULATED BOX/BAG" definition=""/>
<attValue code="30009516" text="11-20L INSULATED BOX/BAG" definition=""/>
<attValue code="30009517" text="21-30L INSULATED BOX/BAG" definition=""/>
<attValue code="30009518" text="31-40L INSULATED BOX/BAG" definition=""/>
<attValue code="30009520" text="6-10L INSULATED BOX/BAG" definition=""/>
<attValue code="30002515" text="UNCLASSIFIED" definition="This term is used to describe those product attributes that are unable to be classified within their specific market; e.g. goat&apos;s cheese - goat&apos;s cheeses is often generically labelled and cannot be further classified."/>
<attValue code="30002518" text="UNIDENTIFIED" definition="This term is used to describe those product attributes that are unidentifiable given existing or available product information."/>
</attType>
<attType code="20003129" text="Powered Functionality" definition="Indicates, with reference to the product branding, labelling or packaging, the descriptive term that is used by the product manufacturer to identify whether the powered functionality is for heating, cooling, maintaining temperatures or combination.">
<attValue code="30000720" text="COMBINATION" definition=""/>
<attValue code="30018364" text="COOLING" definition=""/>
<attValue code="30012602" text="HEATING" definition=""/>
<attValue code="30018365" text="MAINTAINING TEMPERATURE" definition=""/>
<attValue code="30001694" text="NONE" definition=""/>
<attValue code="30002515" text="UNCLASSIFIED" definition="This term is used to describe those product attributes that are unable to be classified within their specific market; e.g. goat&apos;s cheese - goat&apos;s cheeses is often generically labelled and cannot be further classified."/>
<attValue code="30002518" text="UNIDENTIFIED" definition="This term is used to describe those product attributes that are unidentifiable given existing or available product information."/>
</attType>
<attType code="20002860" text="Type of Insulated Box/Bag" definition="Indicates with reference to the product branding, labelling or packaging, the descriptive term that is used by the product manufacturer to identify the type of Insulated Box/Bag.">
<attValue code="30009797" text="FLEXIBLE" definition=""/>
<attValue code="30011891" text="RIGID" definition=""/>
<attValue code="30002515" text="UNCLASSIFIED" definition="This term is used to describe those product attributes that are unable to be classified within their specific market; e.g. goat&apos;s cheese - goat&apos;s cheeses is often generically labelled and cannot be further classified."/>
<attValue code="30002518" text="UNIDENTIFIED" definition="This term is used to describe those product attributes that are unidentifiable given existing or available product information."/>
</attType>
</brick>
</class>
<class code="74010500" text="Camping Washing/Sanitary Equipment" definition="">
<brick code="10002097" text="Camping Showers" definition="Includes any products that can be described/observed as a hose connected to a bag, bucket or canister, which is specifically designed to expel water for washing and/or showering in a camping environment. These products are not intended to be a permanent fixture and therefore are typically portable. Includes products such as Air-Powered and Battery-Powered Camping Showers. Specifically excludes main line electricity-powered Showers classified in Plumbing. Excludes products such as Shower Enclosure Tents and Replacement Camping Shower Hoses.">
<attType code="20001631" text="Type of Camping Shower" definition="Indicates, with reference to the product branding, labelling or packaging, the descriptive term that is used by the product manufacturer to identify the type of camping shower.">
<attValue code="30009540" text="CAMPING SHOWER - AIR-POWERED" definition=""/>
<attValue code="30010658" text="CAMPING SHOWER - BATTERY-POWERED" definition=""/>
<attValue code="30009539" text="CAMPING SHOWER - GAS-POWERED" definition=""/>
<attValue code="30009541" text="CAMPING SHOWER - SOLAR-POWERED" definition=""/>
<attValue code="30002515" text="UNCLASSIFIED" definition="This term is used to describe those product attributes that are unable to be classified within their specific market; e.g. goat&apos;s cheese - goat&apos;s cheeses is often generically labelled and cannot be further classified."/>
<attValue code="30002518" text="UNIDENTIFIED" definition="This term is used to describe those product attributes that are unidentifiable given existing or available product information."/>
</attType>
</brick>
<brick code="10002096" text="Camping Toilets (Non Powered)" definition="Includes any products that can be described/observed as a non-powered container or structure specifically designed to contain and dispose of human waste in a camping environment. These products are not intended to be a permanent fixture and so are typically portable. Includes products such as flushable Camping Toilets and chemical Camping Toilets. Excludes products such as Toilet Enclosure Tents and Toilet Chemicals.">
<attType code="20001630" text="Type of Camping Toilet (Non Powered)" definition="Indicates, with reference to the product branding, labelling or packaging, the descriptive term that is used by the product manufacturer to identify the type of non-powered camping toilet.">
<attValue code="30009535" text="CAMPING COMMODE" definition=""/>
<attValue code="30009536" text="CAMPING TOILET - CHEMICAL" definition=""/>
<attValue code="30009538" text="CAMPING TOILET - GRAVITY FLUSHING SYSTEM" definition=""/>
<attValue code="30010970" text="CAMPING TOILET - PRESSURE ASSISTED FLUSHING SYSTEM" definition=""/>
<attValue code="30002515" text="UNCLASSIFIED" definition="This term is used to describe those product attributes that are unable to be classified within their specific market; e.g. goat&apos;s cheese - goat&apos;s cheeses is often generically labelled and cannot be further classified."/>
<attValue code="30002518" text="UNIDENTIFIED" definition="This term is used to describe those product attributes that are unidentifiable given existing or available product information."/>
</attType>
</brick>
<brick code="10004100" text="Camping Toilets (Powered)" definition="Includes any products that can be described/observed as a powered container or structure specifically designed to contain and dispose of human waste in a camping environment. These products typically have a battery operated flushing system and are not intended to be a permanent fixture, as in some caravanning environments, but are designed to be portable. Includes Camping Toilets operated by a range of different sized batteries. Excludes products such as non-powered Camping Toilets and Toilet Enclosure Tents.">
</brick>
<brick code="10002098" text="Camping Washing/Sanitary Equipment - Replacement Parts/Accessories" definition="Includes any products that can be described/observed as replacement parts for Camping Washing/Sanitary Equipment. Includes products such as Camping Toilet Chemicals and replacement Camping Shower Hoses. Excludes products such as Soap, Towels and Water Canisters, and all other Camping Washing/Sanitary Products currently catered for within the Camping Washing/Sanitary Equipment class.">
<attType code="20001632" text="Type of Camping Washing/Sanitary Equipment Replacement Part/Accessory" definition="Indicates, with reference to the product branding, labelling or packaging, the descriptive term that is used by the product manufacturer to identify the type of camping washing or sanitary equipment replacement part or accessory.">
<attValue code="30009542" text="CAMPING TOILET CHEMICALS" definition=""/>
<attValue code="30009543" text="CAMPING TOILET WASTE BAG KITS" definition=""/>
<attValue code="30009544" text="REPLACEMENT CAMPING SHOWER HOSE" definition=""/>
<attValue code="30002515" text="UNCLASSIFIED" definition="This term is used to describe those product attributes that are unable to be classified within their specific market; e.g. goat&apos;s cheese - goat&apos;s cheeses is often generically labelled and cannot be further classified."/>
<attValue code="30002518" text="UNIDENTIFIED" definition="This term is used to describe those product attributes that are unidentifiable given existing or available product information."/>
</attType>
</brick>
<brick code="10002099" text="Camping Washing/Sanitary Equipment Other" definition="Includes any products that can be described/observed as Camping Washing/Sanitary Equipment designed for outdoor camping use, where the user of the schema is not able to classify the products in existing bricks within the schema. Excludes all currently classified washing and sanitary equipment to be found within the Camping Washing/Sanitary Equipment segment as well as all washing and sanitary equipment classified in the Home Appliances segment.">
</brick>
<brick code="10002100" text="Camping Washing/Sanitary Equipment Variety Packs" definition="Includes any products than can be described/observed as two or more distinct Camping Washing/Sanitary Equipment products sold together which exist within the schema belonging to different bricks but to the same class, that is two or more products contained within the same pack, which cross bricks within the Camping Washing/Sanitary Equipment class. Includes products such as Camping Toilet and Camping Shower variety packs. Items that are received free with purchases should be removed from the classification decision-making process. Excludes products such as Camping Toilet and Camping Toilet Enclosure variety packs.">
</brick>
</class>
<class code="74010600" text="Camping Variety Packs" definition="">
<brick code="10002101" text="Camping Variety Packs" definition="Includes any products than can be described/observed as two or more distinct Camping products sold together which exist within the schema but belong to different classes that is two or more products contained within the same pack which cross classes within the Camping Family. Includes products such as Tent and Sleeping Bag variety packs. Items that are received free with purchases should be removed from the classification decision-making process. Excludes products such as Sleeping Bag and Blanket variety packs.">
</brick>
</class>
</family>
</segment>
</schema></gpc:gs1Schema></eanucc:message></sh:StandardBusinessDocument>
