<?xml version="1.0" encoding="UTF-8"?> <sh:StandardBusinessDocument xmlns:sh="http://www.unece.org/cefact/namespaces/StandardBusinessDocumentHeader" xmlns:eanucc="urn:ean.ucc:2" xmlns:gpc="urn:ean.ucc:gpc:2" xmlns:xsi="http://www.w3.org/2001/XMLSchema-instance" xsi:schemaLocation="http://www.unece.org/cefact/namespaces/StandardBusinessDocumentHeader ../Schemas/sbdh/StandardBusinessDocumentHeader.xsd urn:ean.ucc:2 ../Schemas/Gs1SchemaProxy.xsd"> 	<sh:StandardBusinessDocumentHeader> 		<sh:HeaderVersion>2.2</sh:HeaderVersion> 		<sh:Sender> 			<sh:Identifier Authority="GS1">0000000000000</sh:Identifier> 			<sh:ContactInformation> 				<sh:Contact>Mike Mowad</sh:Contact> 				<sh:EmailAddress>gsmp@gs1.org</sh:EmailAddress> 				<sh:FaxNumber>+1 609-557-4599</sh:FaxNumber> 				<sh:TelephoneNumber>+1 609-557-4568</sh:TelephoneNumber> 				<sh:ContactTypeIdentifier></sh:ContactTypeIdentifier> 			</sh:ContactInformation> 		</sh:Sender> 		<sh:Receiver> 			<sh:Identifier Authority="GS1">0000000000000</sh:Identifier> 			<sh:ContactInformation> 				<sh:Contact>Mike Mowad</sh:Contact> 				<sh:EmailAddress>gsmp@gs1.org</sh:EmailAddress> 				<sh:FaxNumber>+1 609-557-4599</sh:FaxNumber> 				<sh:TelephoneNumber>+1 609-557-4568</sh:TelephoneNumber> 				<sh:ContactTypeIdentifier></sh:ContactTypeIdentifier> 			</sh:ContactInformation> 		</sh:Receiver> 		<sh:DocumentIdentification> 			<sh:Standard>GS1</sh:Standard> 			<sh:TypeVersion>2.0.2</sh:TypeVersion> 			<sh:InstanceIdentifier>100003</sh:InstanceIdentifier> 			<sh:Type>Gs1Delta</sh:Type> 			<sh:MultipleType>false</sh:MultipleType> 			<sh:CreationDateAndTime>2005-09-19T12:00:01.000</sh:CreationDateAndTime> 		</sh:DocumentIdentification> 	</sh:StandardBusinessDocumentHeader> 	<eanucc:message> 		<entityIdentification> 			<uniqueCreatorIdentification>MSG-123-20050919</uniqueCreatorIdentification> 			<contentOwner> 				<gln>0000000000000</gln> 			</contentOwner> 		</entityIdentification> 		<gpc:gs1Delta xsi:schemaLocation="urn:ean.ucc:2 ../Schemas/Gs1SchemaProxy.xsd"> <delta> <currentVersion>as at 01122020 EN</currentVersion> <previousVersion>as at 01062020 EN</previousVersion> <deleteSunsetDate></deleteSunsetDate>
<additions>
</additions>
<additions_move>
</additions_move>
<additions_move_modify>
</additions_move_modify>
<modifications>
<brickLevel>
<segment code="79000000" text="Plumbing/Heating/Ventilation/Air Conditioning" definition="">
<family code="79010000" text="Plumbing/Heating/Ventilation/Air Conditioning" definition="">
<class code="79010800" text="Water/Gas Supply/Central Heating" definition="">
<brick code="10004022" text="Connecting Hoses - Water, Gas, Central Heating" definition="Includes any products that can be described/observed as a connecting hose that has been specifically designed with connectors at each end in order to join plumbing fixtures such as gas heaters, faucets/taps or shower devices to water, gas and central heating supply system. Once joined to the supply system, water or gas can then flow through the connector into the attached fixture. These products can also be used as a method of extending existing pipes in the water system. Excludes products such as Pipes/Tubing, Pumps, Valves/Fittings and Pump Accessories.">
</brick>
</class>
</family>
</segment>
<segment code="79000000" text="Plumbing/Heating/Ventilation/Air Conditioning" definition="">
<family code="79010000" text="Plumbing/Heating/Ventilation/Air Conditioning" definition="">
<class code="79010800" text="Water/Gas Supply/Central Heating" definition="">
<brick code="10004024" text="Valves/Fittings - Water and Gas" definition="Includes any products that can be described/observed as a valve or fitting that regulates the flow of water and/or gas&#160;&#160;(i.e. propane; pneumatics; etc...) by opening, closing or partially obstructing the passageway within a water/gas supply system. Specifically excludes Faucet/Tap and Shower Valves. Excludes products such as Pumps, Connectors, Pipe Accessories, Pipes and Tubing.">
</brick>
</class>
</family>
</segment>
<segment code="79000000" text="Plumbing/Heating/Ventilation/Air Conditioning" definition="">
<family code="79010000" text="Plumbing/Heating/Ventilation/Air Conditioning" definition="">
<class code="79010800" text="Water/Gas Supply/Central Heating" definition="">
<brick code="10004054" text="Pipes/Tubing - Water, Gas, Central heating" definition="Includes any products that can be described/observed as a long hollow cylinder through which water/gas/central heating can flow or be conveyed in a water/gas system. These products may be ridged or flexible and can be made out of materials such as PVC, iron or copper. Specifically excludes water connectors. Excludes products such as Garden Water Hoses, Showers, Faucets/Taps and Radiators.">
</brick>
</class>
</family>
</segment>
<segment code="79000000" text="Plumbing/Heating/Ventilation/Air Conditioning" definition="">
<family code="79010000" text="Plumbing/Heating/Ventilation/Air Conditioning" definition="">
<class code="79010800" text="Water/Gas Supply/Central Heating" definition="">
<brick code="10004055" text="Pumps" definition="Includes any products that can be described/observed as a pump that has been specifically designed for the raising, compressing and/or transferring of water and/or gas. Specifically excludes garden water pumps. Excludes products such as Fuel and Oil Pumps and All Pumps not specifically designed for use with Water/Gas.">
</brick>
</class>
</family>
</segment>
</brickLevel>
</modifications>
<deletions>
</deletions>
<deletions_move>
</deletions_move>
</delta></gpc:gs1Delta></eanucc:message></sh:StandardBusinessDocument>
