<?xml version="1.0" encoding="UTF-8"?> <sh:StandardBusinessDocument xmlns:sh="http://www.unece.org/cefact/namespaces/StandardBusinessDocumentHeader" xmlns:eanucc="urn:ean.ucc:2" xmlns:gpc="urn:ean.ucc:gpc:2" xmlns:xsi="http://www.w3.org/2001/XMLSchema-instance" xsi:schemaLocation="http://www.unece.org/cefact/namespaces/StandardBusinessDocumentHeader ../Schemas/sbdh/StandardBusinessDocumentHeader.xsd urn:ean.ucc:2 ../Schemas/Gs1SchemaProxy.xsd"> 	<sh:StandardBusinessDocumentHeader> 		<sh:HeaderVersion>2.2</sh:HeaderVersion> 		<sh:Sender> 			<sh:Identifier Authority="GS1">0000000000000</sh:Identifier> 			<sh:ContactInformation> 				<sh:Contact>Mike Mowad</sh:Contact> 				<sh:EmailAddress>gsmp@gs1.org</sh:EmailAddress> 				<sh:FaxNumber>+1 609-557-4599</sh:FaxNumber> 				<sh:TelephoneNumber>+1 609-557-4568</sh:TelephoneNumber> 				<sh:ContactTypeIdentifier></sh:ContactTypeIdentifier> 			</sh:ContactInformation> 		</sh:Sender> 		<sh:Receiver> 			<sh:Identifier Authority="GS1">0000000000000</sh:Identifier> 			<sh:ContactInformation> 				<sh:Contact>Mike Mowad</sh:Contact> 				<sh:EmailAddress>gsmp@gs1.org</sh:EmailAddress> 				<sh:FaxNumber>+1 609-557-4599</sh:FaxNumber> 				<sh:TelephoneNumber>+1 609-557-4568</sh:TelephoneNumber> 				<sh:ContactTypeIdentifier></sh:ContactTypeIdentifier> 			</sh:ContactInformation> 		</sh:Receiver> 		<sh:DocumentIdentification> 			<sh:Standard>GS1</sh:Standard> 			<sh:TypeVersion>2.0.2</sh:TypeVersion> 			<sh:InstanceIdentifier>100003</sh:InstanceIdentifier> 			<sh:Type>Gs1Delta</sh:Type> 			<sh:MultipleType>false</sh:MultipleType> 			<sh:CreationDateAndTime>2005-09-19T12:00:01.000</sh:CreationDateAndTime> 		</sh:DocumentIdentification> 	</sh:StandardBusinessDocumentHeader> 	<eanucc:message> 		<entityIdentification> 			<uniqueCreatorIdentification>MSG-123-20050919</uniqueCreatorIdentification> 			<contentOwner> 				<gln>0000000000000</gln> 			</contentOwner> 		</entityIdentification> 		<gpc:gs1Delta xsi:schemaLocation="urn:ean.ucc:2 ../Schemas/Gs1SchemaProxy.xsd"> <delta> <currentVersion>as at 01122020 EN</currentVersion> <previousVersion>as at 01062020 EN</previousVersion> <deleteSunsetDate></deleteSunsetDate>
<additions>
<brickLevel>
<segment code="83000000" text="Building Products" definition="">
<family code="83010000" text="Building Products" definition="">
<class code="83010100" text="Wall/Ceiling/Flooring Coverings" definition="">
<brick code="10008116" text="Finishing and Texture Coatings" definition="Includes all products that can be described or observed as a substance used as a wall and ceiling finishing. Examples include trowel or roll-on texture finishes like Venetian plaster, polymer textured finishing plaster, etc... Excludes Paint, Plaster mixes; Plaster of Paris, Stucco and textured wall paper.">
</brick>
</class>
</family>
</segment>
</brickLevel>
</additions>
<additions_move>
</additions_move>
<additions_move_modify>
</additions_move_modify>
<modifications>
<brickLevel>
<segment code="83000000" text="Building Products" definition="">
<family code="83010000" text="Building Products" definition="">
<class code="83010600" text="Asphalt/Concrete/Masonry" definition="">
<brick code="10002528" text="Plaster Mixes/Plasterboard Jointing" definition="&#160;Includes any products that may be described/observed as a mixture of lime or gypsum and water with or without sand which hardens into a smooth solid and is used to cover walls and ceilings.Includes products such as quick-setting lightweight plaster, cement plaster, lime plaster, earthen plaster. Excludes cement, stucco, mortar mixes and plaster of paris (moulding plaster).">
</brick>
</class>
</family>
</segment>
<segment code="83000000" text="Building Products" definition="">
<family code="83010000" text="Building Products" definition="">
<class code="83010600" text="Asphalt/Concrete/Masonry" definition="">
<brick code="10003896" text="Plaster of Paris (Moulding Plaster)" definition="Includes any products that may be described/observed as powdered and heat-treated gypsum, which can be mixed with water (about 2 parts plaster to each part of water), hardening to a smooth solid which does not shrink or lose volume because it hardens before all the water can evaporate. Excludes plaster (mix) and cement as well as stucco and concrete.">
</brick>
</class>
</family>
</segment>
<segment code="83000000" text="Building Products" definition="">
<family code="83010000" text="Building Products" definition="">
<class code="83010300" text="Insulation" definition="">
<brick code="10007964" text="Acoustic Insulation - Rigid Board (Exterior)" definition="Includes any products that may be described/observed as a rigid fibre or fibrous board acoustic insulation usually consists of fibreglass or mineral wool and is applied to the exterior of the walls before re-siding. It is also used when there&apos;s a need for insulation that can withstand high temperatures. Includes products such as house wrap. Excludes all other insulation.">
</brick>
</class>
</family>
</segment>
<segment code="83000000" text="Building Products" definition="">
<family code="83010000" text="Building Products" definition="">
<class code="83010300" text="Insulation" definition="">
<brick code="10007966" text="Acoustic Insulation Supports/Anchors" definition="Includes any products that may be described/observed as a device that is used to support acoustic insulation materials and to ensure a tight fit when installed between joists. Excludes products such as insulation materials.">
</brick>
</class>
</family>
</segment>
<segment code="83000000" text="Building Products" definition="">
<family code="83010000" text="Building Products" definition="">
<class code="83010300" text="Insulation" definition="">
<brick code="10007967" text="Acoustic Insulation Variety Packs" definition="Includes any product that may be described/observed as two or more distinct acoustic insulation products sold together, which exist within the schema belonging to different bricks but to the same class, that is two or more products contained within the same pack which cross bricks within the Insulation class. Items received free with purchases should be removed from the classification decision-making process. Excludes products such as Insulation products sold with Roofing products.">
</brick>
</class>
</family>
</segment>
</brickLevel>
</modifications>
<deletions>
</deletions>
<deletions_move>
</deletions_move>
</delta></gpc:gs1Delta></eanucc:message></sh:StandardBusinessDocument>
