<?xml version="1.0" encoding="UTF-8"?>  <sh:StandardBusinessDocument xmlns:sh="http://www.unece.org/cefact/namespaces/StandardBusinessDocumentHeader" xmlns:eanucc="urn:ean.ucc:2" xmlns:gpc="urn:ean.ucc:gpc:2" xmlns:xsi="http://www.w3.org/2001/XMLSchema-instance" xsi:schemaLocation="http://www.unece.org/cefact/namespaces/StandardBusinessDocumentHeader ../Schemas/sbdh/StandardBusinessDocumentHeader.xsd urn:ean.ucc:2 ../Schemas/Gs1SchemaProxy.xsd"> 	<sh:StandardBusinessDocumentHeader> 		<sh:HeaderVersion>2.2</sh:HeaderVersion> 		<sh:Sender> 			<sh:Identifier Authority="GS1">0000000000000</sh:Identifier> 			<sh:ContactInformation> 				<sh:Contact>Mike Mowad</sh:Contact> 				<sh:EmailAddress>gsmp@gs1.org</sh:EmailAddress> 				<sh:FaxNumber>+1 609-557-4599</sh:FaxNumber> 				<sh:TelephoneNumber>+1 609-557-4568</sh:TelephoneNumber> 				<sh:ContactTypeIdentifier></sh:ContactTypeIdentifier> 			</sh:ContactInformation> 		</sh:Sender> 		<sh:Receiver> 			<sh:Identifier Authority="GS1">0000000000000</sh:Identifier> 			<sh:ContactInformation> 				<sh:Contact>Mike Mowad</sh:Contact> 				<sh:EmailAddress>gsmp@gs1.org</sh:EmailAddress> 				<sh:FaxNumber>+1 609-557-4599</sh:FaxNumber> 				<sh:TelephoneNumber>+1 609-557-4568</sh:TelephoneNumber> 				<sh:ContactTypeIdentifier></sh:ContactTypeIdentifier> 			</sh:ContactInformation> 		</sh:Receiver> 		<sh:DocumentIdentification> 			<sh:Standard>GS1</sh:Standard> 			<sh:TypeVersion>2.0.2</sh:TypeVersion> 			<sh:InstanceIdentifier>100003</sh:InstanceIdentifier> 			<sh:Type>Gs1Schema</sh:Type> 			<sh:MultipleType>false</sh:MultipleType> 			<sh:CreationDateAndTime>2005-09-19T12:00:01.000</sh:CreationDateAndTime> 		</sh:DocumentIdentification> 	</sh:StandardBusinessDocumentHeader> 	<eanucc:message> 		<entityIdentification> 			<uniqueCreatorIdentification>MSG-123-20050919</uniqueCreatorIdentification> 			<contentOwner> 				<gln>0000000000000</gln> 			</contentOwner> 		</entityIdentification> 		<gpc:gs1Schema xsi:schemaLocation="urn:ean.ucc:2 ../Schemas/Gs1SchemaProxy.xsd"> <schema> <currentVersion>as at 01122020 EN</currentVersion> <previousVersion></previousVersion>
<segment code="87000000" text="Fuels/Gases" definition="">
<family code="87020000" text="Fuel Storage/Transfer" definition="">
<class code="87020100" text="Fuel Pumps" definition="">
<brick code="10005256" text="Fuel Pumps (Non Powered)" definition="Includes any products that can be described/observed as a non-powered pump that has been specifically designed for the raising, compressing and/or transferring of a fuel. Includes products such as Siphon Pumps and Plunge Pumps used to increase the pressure in liquid fuel bottles. Specifically excludes fuel pumps that are a component of an engine/motor or generator. Excludes products such as Powered Fuel Pumps and Pumps not specifically designed for use with Fuels.">
<attType code="20002267" text="Type of Pump" definition="Indicates, with reference to the product branding, labelling or packaging, the descriptive term that is used by the product manufacturer to identify the type of pump.">
<attValue code="30008947" text="LEVER ACTION" definition=""/>
<attValue code="30011896" text="LIFTING/PLUNGE" definition=""/>
<attValue code="30011943" text="PISTON" definition=""/>
<attValue code="30011890" text="ROTARY PUMP" definition=""/>
<attValue code="30011889" text="SIPHON" definition=""/>
<attValue code="30011897" text="SQUEEZE ACTION" definition=""/>
<attValue code="30002515" text="UNCLASSIFIED" definition="This term is used to describe those product attributes that are unable to be classified within their specific market; e.g. goat&apos;s cheese - goat&apos;s cheeses is often generically labelled and cannot be further classified."/>
<attValue code="30002518" text="UNIDENTIFIED" definition="This term is used to describe those product attributes that are unidentifiable given existing or available product information."/>
</attType>
</brick>
<brick code="10005257" text="Fuel Pumps (Powered)" definition="Includes any products that can be described/observed as a powered pump that has been specifically designed for the raising, compressing and/or transferring of a fuel. Specifically excludes fuel pumps that are a component of an engine/motor or generator. Excludes products such as Non Powered Fuel Pumps and Pumps not specifically designed for use with Fuels .">
<attType code="20000787" text="Power Source" definition="Indicates, with reference to the product branding, labelling or packaging, the descriptive term that is used by the product manufacturer to identify different types of power source.">
<attValue code="30000289" text="BATTERY" definition=""/>
<attValue code="30009416" text="MAINS ELECTRICITY" definition=""/>
<attValue code="30002515" text="UNCLASSIFIED" definition="This term is used to describe those product attributes that are unable to be classified within their specific market; e.g. goat&apos;s cheese - goat&apos;s cheeses is often generically labelled and cannot be further classified."/>
<attValue code="30002518" text="UNIDENTIFIED" definition="This term is used to describe those product attributes that are unidentifiable given existing or available product information."/>
</attType>
<attType code="20002267" text="Type of Pump" definition="Indicates, with reference to the product branding, labelling or packaging, the descriptive term that is used by the product manufacturer to identify the type of pump.">
<attValue code="30011896" text="LIFTING/PLUNGE" definition=""/>
<attValue code="30011943" text="PISTON" definition=""/>
<attValue code="30011890" text="ROTARY PUMP" definition=""/>
<attValue code="30011889" text="SIPHON" definition=""/>
<attValue code="30002515" text="UNCLASSIFIED" definition="This term is used to describe those product attributes that are unable to be classified within their specific market; e.g. goat&apos;s cheese - goat&apos;s cheeses is often generically labelled and cannot be further classified."/>
<attValue code="30002518" text="UNIDENTIFIED" definition="This term is used to describe those product attributes that are unidentifiable given existing or available product information."/>
</attType>
</brick>
</class>
<class code="87020200" text="Fuel Storage" definition="">
<brick code="10005258" text="Gas Fuel Bottles/Canisters (Empty)" definition="Includes any products that can be described/observed as an empty storage container, which has been specifically designed to be refillable and hold and dispense pressurized gas fuel. Typically they are cylindrical in shape and are made of metal. Includes products such as Refillable Gas Bottles/Canisters that are used with camping stoves and blowtorches. Specifically excludes Gas Bottles/Canisters/Tanks used for storing Non-combustible Gases such as Diving Tanks, which hold compressed air. Excludes products such as Non-refillable Gas Canisters and Containers used for storing Liquid Fuels and Lubricants.">
</brick>
<brick code="10005306" text="Liquid Fuel Bottles/Containers (Empty)" definition="Includes any products that can be described/observed as an empty storage container, which has been specifically designed to be refillable and hold and dispense a volume of liquid fuel . Typically they are cylindrical in shape and are made of metal or plastic. Includes products such as Refillable Liquid Fuel Bottles/Canisters that are used in conjunction with camping stoves and Petrol/Gasoline Cans. Specifically excludes all Liquid Storage Bottles/Containers used for storing Non-combustible Liquids. Excludes products such as all Liquid Bottles/Containers used for storing combustible Non-fuel Liquids and Liquid Gas Bottles/Canisters.">
<attType code="20000794" text="Type of Material" definition="Indicates, with reference to the product branding, labelling or packaging, the descriptive term that is used by the product manufacturer to identify the type of material from which the product is made.">
<attValue code="30004052" text="METAL" definition=""/>
<attValue code="30004152" text="PLASTIC" definition="Plastic is a material consisting of any of a wide range of synthetic or semi-synthetic organics that are malleable and can be molded into solid objects of diverse shapes. Plastics are typically organic polymers of high molecular mass, but they often contain other substances. They are usually synthetic, most commonly derived from petrochemicals, but many are partially natural. Plasticity is the general property of all materials that are able to irreversibly deform without breaking, but this occurs to such a degree with this class of moldable polymers that their name is an emphasis on this ability."/>
<attValue code="30002515" text="UNCLASSIFIED" definition="This term is used to describe those product attributes that are unable to be classified within their specific market; e.g. goat&apos;s cheese - goat&apos;s cheeses is often generically labelled and cannot be further classified."/>
<attValue code="30002518" text="UNIDENTIFIED" definition="This term is used to describe those product attributes that are unidentifiable given existing or available product information."/>
</attType>
<attType code="20002271" text="With/Without Spout" definition="Indicates, with reference to the product branding, labelling or packaging, the descriptive term that is used by the product manufacturer to identify whether or not the product has a spout.">
<attValue code="30002518" text="UNIDENTIFIED" definition="This term is used to describe those product attributes that are unidentifiable given existing or available product information."/>
<attValue code="30011892" text="WITH SPOUT" definition=""/>
<attValue code="30011893" text="WITHOUT SPOUT" definition=""/>
</attType>
</brick>
</class>
</family>
<family code="87010000" text="Fuels/Fuel Additives" definition="">
<class code="87010100" text="Fuels/Ignition Aids" definition="">
<brick code="10000543" text="Firelighting Tools/Matches" definition="Includes any products that can be described/observed as a tool/implement with which to light a fire. Includes products such as lighters, matches and gas barbecue lighters. Excludes products such as Gel, Liquid and Solid Fuels, as well as Wood not intended to be consumed as a fuel.">
<attType code="20000657" text="Type of Firelighting Tools/Matches" definition="Indicates, with reference to the product branding, labelling or packaging, the descriptive term that is used by the product manufacturer to differentiate firelighting tools and matches.">
<attValue code="30017220" text="CIGAR LIGHTER" definition=""/>
<attValue code="30001431" text="LIGHTER" definition=""/>
<attValue code="30006664" text="NON SAFETY MATCHES" definition=""/>
<attValue code="30017221" text="PIPE LIGHTER" definition=""/>
<attValue code="30017219" text="POCKET LIGHTER" definition=""/>
<attValue code="30017222" text="ROD/UTILITY LIGHTER" definition=""/>
<attValue code="30006077" text="SAFETY MATCHES" definition=""/>
<attValue code="30017223" text="TABLE LIGHTER" definition=""/>
<attValue code="30002515" text="UNCLASSIFIED" definition="This term is used to describe those product attributes that are unable to be classified within their specific market; e.g. goat&apos;s cheese - goat&apos;s cheeses is often generically labelled and cannot be further classified."/>
<attValue code="30002518" text="UNIDENTIFIED" definition="This term is used to describe those product attributes that are unidentifiable given existing or available product information."/>
</attType>
</brick>
<brick code="10006842" text="Firelighting Tools/Matches Accessories" definition="Includes any products that can be described/observed as an accessory to firelighting tools/matches. Specifically includes lighter cleaners, lighter fluid and other accessories.&#160;">
<attType code="20002997" text="Type of Firelighting Tools/Matches Accessories" definition="Indicates, with reference to the product branding, labelling or packaging, the descriptive term that is used by the product manufacturer to differentiate firelighting tools and matches accessories.">
<attValue code="30017224" text="LIGHTER CLEANER" definition=""/>
<attValue code="30001432" text="LIGHTER FLINT" definition=""/>
<attValue code="30001434" text="LIGHTER FLUID" definition=""/>
<attValue code="30017225" text="LIGHTER WICK" definition=""/>
<attValue code="30002515" text="UNCLASSIFIED" definition="This term is used to describe those product attributes that are unable to be classified within their specific market; e.g. goat&apos;s cheese - goat&apos;s cheeses is often generically labelled and cannot be further classified."/>
<attValue code="30002518" text="UNIDENTIFIED" definition="This term is used to describe those product attributes that are unidentifiable given existing or available product information."/>
</attType>
</brick>
<brick code="10000703" text="Fuels/Ignition Aids Variety Packs" definition="Includes any products that can be described/observed as two or more distinct Fuels/Ignition Aids products sold together, which exist within the schema belonging to different bricks but to the same class, that is two or more products contained within the same pack which cross bricks within the Fuels/Ignition Aids class. Includes products such as Firelighters and Solid Fuels variety packs. Items that are received free with purchases should be removed from the classification decision-making process. Excludes products such as Matches and Gas Barbecue Lighter variety packs and Matches and Candle variety packs.">
</brick>
<brick code="10007942" text="Gas Canister Replacement Parts/Accessories" definition="Bitmap
 
 
 Includes any products
 that can be described/observed as an accessory or replacement part for Gas
 Canisters.">
</brick>
<brick code="10005264" text="Gas Fuels" definition="Includes any products that can be described/observed as a combustible gas that is used specifically to be ignited and burned to produce heat and/or light energy. In some cases fuel gases are stored under high pressure in a liquid form but vaporize immediately they leave the storage bottle, so they arrive at the burner as a gas. These products can be purchased in refillable bottles/canisters, often in exchange for empty ones. Includes products such as Non-refillable Canisters of Butane Gas for camping stoves. Specifically excludes all other combustible gases that are not used as a fuel. Excludes products such as Liquid, Gel and Solid Fuels, and Empty Gas Bottles/Canisters.">
<attType code="20002254" text="Type of Fuel" definition="Indicates, with reference to the product branding, labelling or packaging, the descriptive term that is used by the product manufacturer to identify a specific type of fuel.">
<attValue code="30010655" text="BUTANE" definition=""/>
<attValue code="30011819" text="BUTANE/PROPANE MIX" definition=""/>
<attValue code="30011894" text="ISOBUTANE" definition=""/>
<attValue code="30011895" text="ISOBUTANE/PROPANE MIX" definition=""/>
<attValue code="30010656" text="PROPANE" definition=""/>
<attValue code="30002515" text="UNCLASSIFIED" definition="This term is used to describe those product attributes that are unable to be classified within their specific market; e.g. goat&apos;s cheese - goat&apos;s cheeses is often generically labelled and cannot be further classified."/>
<attValue code="30002518" text="UNIDENTIFIED" definition="This term is used to describe those product attributes that are unidentifiable given existing or available product information."/>
</attType>
</brick>
<brick code="10005265" text="Gel Fuels" definition="Includes any products that can be described/observed as a combustible gel , with a fixed volume but no permanently fixed shape, (being neither solid to touch or free flowing such as a liquid), that is used specifically to be ignited and burned to produce heat and/or light energy. In some cases gel fuels are used to give the appearance of fire, such as those used in a fireplace. Includes products such as gel kindling fuels and those with a base ingredient of ethanol or paraffin. Specifically excludes products such as Liquid, Solid and Gas Fuels, and Gels used in candle making.">
<attType code="20002254" text="Type of Fuel" definition="Indicates, with reference to the product branding, labelling or packaging, the descriptive term that is used by the product manufacturer to identify a specific type of fuel.">
<attValue code="30011822" text="ETHANOL BASED" definition=""/>
<attValue code="30011823" text="ISOPROPYL BASED" definition=""/>
<attValue code="30011824" text="KEROSENE/PARAFFIN BASED" definition=""/>
<attValue code="30002515" text="UNCLASSIFIED" definition="This term is used to describe those product attributes that are unable to be classified within their specific market; e.g. goat&apos;s cheese - goat&apos;s cheeses is often generically labelled and cannot be further classified."/>
<attValue code="30002518" text="UNIDENTIFIED" definition="This term is used to describe those product attributes that are unidentifiable given existing or available product information."/>
</attType>
</brick>
<brick code="10005263" text="Liquid Fuels" definition="Includes any products that can be described/observed as a free flowing combustible liquid , with a fixed volume but no fixed shape (except that of its container), that is used specifically to be ignited and burned to produce heat and/or light energy. Includes products such as liquid kindling fuels as well as Petrol, White Gas and Lamp Oil. Specifically excludes all other combustible liquids that are not used as a fuel. Excludes products such as Cigarette Lighter Fuel, Gel and Solid Fuels..">
<attType code="20002254" text="Type of Fuel" definition="Indicates, with reference to the product branding, labelling or packaging, the descriptive term that is used by the product manufacturer to identify a specific type of fuel.">
<attValue code="30011809" text="AVIATION" definition=""/>
<attValue code="30011003" text="DIESEL" definition=""/>
<attValue code="30011818" text="HEATING OIL" definition=""/>
<attValue code="30010644" text="KEROSENE/PARAFFIN" definition=""/>
<attValue code="30011821" text="LAMP OIL" definition=""/>
<attValue code="30011899" text="MARINE FUEL OIL" definition=""/>
<attValue code="30011820" text="METHYLATED SPIRITS" definition=""/>
<attValue code="30011871" text="NAPHTHA/WHITE GAS" definition=""/>
<attValue code="30010066" text="PETROL/GASOLINE" definition=""/>
<attValue code="30002515" text="UNCLASSIFIED" definition="This term is used to describe those product attributes that are unable to be classified within their specific market; e.g. goat&apos;s cheese - goat&apos;s cheeses is often generically labelled and cannot be further classified."/>
<attValue code="30002518" text="UNIDENTIFIED" definition="This term is used to describe those product attributes that are unidentifiable given existing or available product information."/>
</attType>
</brick>
<brick code="10005266" text="Solid Fuels" definition="Includes any products that can be described/observed as a combustible solid , with a fixed shape and volume, which is used specifically to be ignited and burned to produce heat and/or light energy. Typically these products are used to make an open fire, such as those in a fireplace grate. Includes products such as Kindling Cubes, Smoke Pellets, Fire Logs, Coal and Hexamine. Specifically excludes all other combustible solids that are not used as a fuel. Excludes products such as Liquid and Gel Fuels, and Wood not intended to be consumed as a fuel.">
<attType code="20002254" text="Type of Fuel" definition="Indicates, with reference to the product branding, labelling or packaging, the descriptive term that is used by the product manufacturer to identify a specific type of fuel.">
<attValue code="30011814" text="CHARCOAL" definition=""/>
<attValue code="30004553" text="COAL" definition=""/>
<attValue code="30011816" text="COKE" definition=""/>
<attValue code="30011817" text="HEXAMINE" definition=""/>
<attValue code="30013312" text="KINDLING CUBES" definition=""/>
<attValue code="30011811" text="LIGNITE" definition=""/>
<attValue code="30011813" text="PEAT" definition=""/>
<attValue code="30012981" text="SMOKE PELLETS" definition=""/>
<attValue code="30011812" text="TRIOXANE" definition=""/>
<attValue code="30002515" text="UNCLASSIFIED" definition="This term is used to describe those product attributes that are unable to be classified within their specific market; e.g. goat&apos;s cheese - goat&apos;s cheeses is often generically labelled and cannot be further classified."/>
<attValue code="30002518" text="UNIDENTIFIED" definition="This term is used to describe those product attributes that are unidentifiable given existing or available product information."/>
<attValue code="30004369" text="WOOD" definition=""/>
</attType>
</brick>
</class>
<class code="87010200" text="Fuel Additives" definition="">
<brick code="10005255" text="Fuel Additives" definition="Includes any products that can be described/observed as a chemical substance that is added, usually in small amounts, directly to a fuel to enhance, improve or strengthen performance characteristics, such as its viscosity. It can also add new properties to a fuel, giving it features that it would not normally have. Includes products such as Fuel Thickeners and Anti-wear Additives. Specifically excludes Engine Degreasers. Excludes products such as Fuels and Lubricants and Protective Compounds that are not specifically designed to be added to a fuel.">
<attType code="20002264" text="Type of Fuel Additive" definition="Indicates, with reference to the product branding, labelling or packaging, the descriptive term that is used by the product manufacturer to identify the type of additive which can be added to a fuel.">
<attValue code="30011874" text="ANTI-FOAM" definition=""/>
<attValue code="30011888" text="ANTI-GEL" definition=""/>
<attValue code="30011872" text="ANTI-WEAR" definition=""/>
<attValue code="30011884" text="BOOSTER" definition=""/>
<attValue code="30000720" text="COMBINATION" definition=""/>
<attValue code="30011886" text="CONDITIONER" definition=""/>
<attValue code="30011875" text="CORROSION INHIBITOR" definition=""/>
<attValue code="30011876" text="DEMULSIFIER" definition=""/>
<attValue code="30011877" text="DETERGENT" definition=""/>
<attValue code="30011878" text="DISPERSANT" definition=""/>
<attValue code="30011883" text="EMULSIFIER" definition=""/>
<attValue code="30011881" text="ICING INHIBITOR" definition=""/>
<attValue code="30011887" text="LUBRICATOR" definition=""/>
<attValue code="30011879" text="OILINESS" definition=""/>
<attValue code="30011882" text="STABILISER" definition=""/>
<attValue code="30011880" text="TACKINESS" definition=""/>
<attValue code="30011873" text="THICKENER" definition=""/>
<attValue code="30002515" text="UNCLASSIFIED" definition="This term is used to describe those product attributes that are unable to be classified within their specific market; e.g. goat&apos;s cheese - goat&apos;s cheeses is often generically labelled and cannot be further classified."/>
<attValue code="30002518" text="UNIDENTIFIED" definition="This term is used to describe those product attributes that are unidentifiable given existing or available product information."/>
<attValue code="30011885" text="VISCOSITY INDEX IMPROVER" definition=""/>
</attType>
</brick>
</class>
<class code="87010500" text="Fuels/Fuel Additives Variety Packs" definition="">
<brick code="10005262" text="Fuels/Fuel Additives Variety Packs" definition="Includes any products than can be described/observed as two or more distinct Fuels/Fuel Additives products sold together which exist within the schema but belong to different classes, that is two or more products contained within the same pack which cross classes within the Fuels/Fuel Additives Family. Includes products such as Liquid Fuel and Fuel Additive variety packs. Items that are received free with purchases should be removed from the classification decision-making process. Excludes products such as Fuels sold with Additives already added as part of the formula.">
</brick>
</class>
</family>
<family code="87030000" text="Gases Not Used As Fuels" definition="Gases that are used in items and are not used as a combustible fuel source.">
<class code="87030100" text="Technical Gases" definition="Technical gases are a group of gases that are specifically manufactured for use in a wide range of industries.">
<brick code="10006407" text="Carbon Dioxide Gas" definition="Includes any products that can be described/observed as carbon dioxide (CO2). CO2 is used as a pressurising agent for items such as beverages or model/remote control vehicles, and pellet/paintball guns.">
</brick>
<brick code="10006411" text="Helium Gas" definition="Includes any products that can be described/observed as Helium (He). &quot;He&quot; is used for items such as balloons, and some scuba applications.">
</brick>
<brick code="10006408" text="Nitrogen Gas" definition="Includes any products that can be described/observed as Nitrogen (N2). Nitrogen can be used for pressurising tyres.">
</brick>
<brick code="10006409" text="Nitrous Oxide Gas" definition="Includes any products that can be described/observed as a food additive version of nitrous oxide (N2O). N2O is used as a pressurising agent for items such as whipping cream canisters.">
</brick>
<brick code="10006410" text="Technical Gases Other" definition="Includes any products that can be described/observed as Technical Gases where the user of the schema is not able to classify the products in existing bricks within the schema. Excludes Carbon Dioxide Gas, Nitrogen, Nitrous Oxide Gas, and Helium Gas.">
</brick>
</class>
</family>
</segment>
</schema></gpc:gs1Schema></eanucc:message></sh:StandardBusinessDocument>
