<?xml version="1.0" encoding="UTF-8"?>  <sh:StandardBusinessDocument xmlns:sh="http://www.unece.org/cefact/namespaces/StandardBusinessDocumentHeader" xmlns:eanucc="urn:ean.ucc:2" xmlns:gpc="urn:ean.ucc:gpc:2" xmlns:xsi="http://www.w3.org/2001/XMLSchema-instance" xsi:schemaLocation="http://www.unece.org/cefact/namespaces/StandardBusinessDocumentHeader ../Schemas/sbdh/StandardBusinessDocumentHeader.xsd urn:ean.ucc:2 ../Schemas/Gs1SchemaProxy.xsd"> 	<sh:StandardBusinessDocumentHeader> 		<sh:HeaderVersion>2.2</sh:HeaderVersion> 		<sh:Sender> 			<sh:Identifier Authority="GS1">0000000000000</sh:Identifier> 			<sh:ContactInformation> 				<sh:Contact>Mike Mowad</sh:Contact> 				<sh:EmailAddress>gsmp@gs1.org</sh:EmailAddress> 				<sh:FaxNumber>+1 609-557-4599</sh:FaxNumber> 				<sh:TelephoneNumber>+1 609-557-4568</sh:TelephoneNumber> 				<sh:ContactTypeIdentifier></sh:ContactTypeIdentifier> 			</sh:ContactInformation> 		</sh:Sender> 		<sh:Receiver> 			<sh:Identifier Authority="GS1">0000000000000</sh:Identifier> 			<sh:ContactInformation> 				<sh:Contact>Mike Mowad</sh:Contact> 				<sh:EmailAddress>gsmp@gs1.org</sh:EmailAddress> 				<sh:FaxNumber>+1 609-557-4599</sh:FaxNumber> 				<sh:TelephoneNumber>+1 609-557-4568</sh:TelephoneNumber> 				<sh:ContactTypeIdentifier></sh:ContactTypeIdentifier> 			</sh:ContactInformation> 		</sh:Receiver> 		<sh:DocumentIdentification> 			<sh:Standard>GS1</sh:Standard> 			<sh:TypeVersion>2.0.2</sh:TypeVersion> 			<sh:InstanceIdentifier>100003</sh:InstanceIdentifier> 			<sh:Type>Gs1Schema</sh:Type> 			<sh:MultipleType>false</sh:MultipleType> 			<sh:CreationDateAndTime>2005-09-19T12:00:01.000</sh:CreationDateAndTime> 		</sh:DocumentIdentification> 	</sh:StandardBusinessDocumentHeader> 	<eanucc:message> 		<entityIdentification> 			<uniqueCreatorIdentification>MSG-123-20050919</uniqueCreatorIdentification> 			<contentOwner> 				<gln>0000000000000</gln> 			</contentOwner> 		</entityIdentification> 		<gpc:gs1Schema xsi:schemaLocation="urn:ean.ucc:2 ../Schemas/Gs1SchemaProxy.xsd"> <schema> <currentVersion>as at 01122020 EN</currentVersion> <previousVersion></previousVersion>
<segment code="92000000" text="Storage/Haulage Containers" definition="">
<family code="92010000" text="Storage Bottles/Cylinders/Barrels (Empty)" definition="">
<class code="92010100" text="Storage Bottles/Cylinders (Empty)" definition="">
<brick code="10005852" text="Portable Storage Cylinders (Empty)" definition="Includes any products that may be described/observed as a portable, reusable rigid cylindrical container with straight sides and circular, sometimes convex ends of equal size. These reusable containers can be designed to hold and dispense pressurised gas and may be made out of a number of materials or combinations of them. Excludes products such as non-refillable gas canisters and drum containers used for storing liquid fuels and lubricants.">
<attType code="20001709" text="Target Use/Application" definition="Indicates, with reference to the product branding, labelling or packaging, the descriptive term that is used by the product manufacturer to identify the target use and/or application.">
<attValue code="30014555" text="CORROSIVE/OXIDISING MATERIAL STORAGE" definition=""/>
<attValue code="30014554" text="FLAMMABLE MATERIAL STORAGE" definition=""/>
<attValue code="30014552" text="HAZARDOUS MATERIAL STORAGE" definition=""/>
<attValue code="30014553" text="INERT GAS STORAGE" definition=""/>
<attValue code="30014556" text="TOXIC MATERIAL STORAGE" definition=""/>
<attValue code="30002515" text="UNCLASSIFIED" definition="This term is used to describe those product attributes that are unable to be classified within their specific market; e.g. goat&apos;s cheese - goat&apos;s cheeses is often generically labelled and cannot be further classified."/>
<attValue code="30002518" text="UNIDENTIFIED" definition="This term is used to describe those product attributes that are unidentifiable given existing or available product information."/>
</attType>
</brick>
<brick code="10005851" text="Storage Bottles (Empty)" definition="Includes any products that may be described/observed as a reusable container having a round neck of relatively smaller diameter than the body and an opening capable of holding a closure for retention of the contents. Specifically, a narrow-necked container as compared with a wide-mouth container such as a cylinder or drum. These products are specifically intended to be reused after contents are consumed when they are refilled, sealed and returned to the retail supply chain. They may be made out of a number of materials or combinations of them. Includes reusable empty bottles that can contain non alcoholic beverages such as milk or soda or alcoholic beverages such as wine or beer. Excludes products such as storage bottles for household and domestic purposes and reusable cylinders.">
<attType code="20001709" text="Target Use/Application" definition="Indicates, with reference to the product branding, labelling or packaging, the descriptive term that is used by the product manufacturer to identify the target use and/or application.">
<attValue code="30014550" text="ALCOHOLIC BEVERAGES" definition=""/>
<attValue code="30014551" text="NON ALCOHOLIC BEVERAGES" definition=""/>
<attValue code="30002515" text="UNCLASSIFIED" definition="This term is used to describe those product attributes that are unable to be classified within their specific market; e.g. goat&apos;s cheese - goat&apos;s cheeses is often generically labelled and cannot be further classified."/>
<attValue code="30002518" text="UNIDENTIFIED" definition="This term is used to describe those product attributes that are unidentifiable given existing or available product information."/>
</attType>
</brick>
</class>
<class code="92010300" text="Storage Barrels/Drums (Empty)" definition="">
<brick code="10005846" text="Storage Barrels/Kegs (Empty)" definition="Includes any products that may be described/observed as a cylindrical, usually convex, container whose bottom end is permanently fixed to the body and top end (head) is either removable or non-removable. These reusable containers have been designed to carry mostly liquids, may be made out of a number of materials or combinations of them and are normally transported on a barrel/drum pallet. Excludes other types of liquid containers such as drums and gas/fuel cylinders.">
<attType code="20002717" text="If Removable Lid" definition="Indicates, with reference to the product branding, labelling or packaging, the descriptive term that is used by the product manufacturer to identify whether the product has a lid that can be removed.">
<attValue code="30002960" text="NO" definition=""/>
<attValue code="30002518" text="UNIDENTIFIED" definition="This term is used to describe those product attributes that are unidentifiable given existing or available product information."/>
<attValue code="30002654" text="YES" definition=""/>
</attType>
<attType code="20002632" text="If UV Resistant" definition="Indicates, with reference to the product branding, labelling or packaging, the descriptive term that is used by the product manufacturer to identify whether the product is resistant against the sun&apos;s UV rays.">
<attValue code="30002960" text="NO" definition=""/>
<attValue code="30002518" text="UNIDENTIFIED" definition="This term is used to describe those product attributes that are unidentifiable given existing or available product information."/>
<attValue code="30002654" text="YES" definition=""/>
</attType>
<attType code="20001720" text="If With Handles" definition="Indicates, with reference to the product branding, labelling or packaging, the descriptive term that is used by the product manufacturer to identify whether or not the product has handles to facilitate being moved or carried.">
<attValue code="30002960" text="NO" definition=""/>
<attValue code="30002518" text="UNIDENTIFIED" definition="This term is used to describe those product attributes that are unidentifiable given existing or available product information."/>
<attValue code="30002654" text="YES" definition=""/>
</attType>
<attType code="20000794" text="Type of Material" definition="Indicates, with reference to the product branding, labelling or packaging, the descriptive term that is used by the product manufacturer to identify the type of material from which the product is made.">
<attValue code="30000720" text="COMBINATION" definition=""/>
<attValue code="30004052" text="METAL" definition=""/>
<attValue code="30004152" text="PLASTIC" definition="Plastic is a material consisting of any of a wide range of synthetic or semi-synthetic organics that are malleable and can be molded into solid objects of diverse shapes. Plastics are typically organic polymers of high molecular mass, but they often contain other substances. They are usually synthetic, most commonly derived from petrochemicals, but many are partially natural. Plasticity is the general property of all materials that are able to irreversibly deform without breaking, but this occurs to such a degree with this class of moldable polymers that their name is an emphasis on this ability."/>
<attValue code="30002515" text="UNCLASSIFIED" definition="This term is used to describe those product attributes that are unable to be classified within their specific market; e.g. goat&apos;s cheese - goat&apos;s cheeses is often generically labelled and cannot be further classified."/>
<attValue code="30002518" text="UNIDENTIFIED" definition="This term is used to describe those product attributes that are unidentifiable given existing or available product information."/>
<attValue code="30004369" text="WOOD" definition=""/>
</attType>
</brick>
<brick code="10005847" text="Storage Drums (Empty)" definition="Includes any products that may be described/observed as a reusable cylindrical container with straight sides used for shipping or storing liquids, may be made out of a number of materials or combinations of them and are normally transported on a barrel/drum pallet. Excludes other types of liquid containers such as barrels, kegs and gas/fuel cylinders.">
<attType code="20001720" text="If With Handles" definition="Indicates, with reference to the product branding, labelling or packaging, the descriptive term that is used by the product manufacturer to identify whether or not the product has handles to facilitate being moved or carried.">
<attValue code="30002960" text="NO" definition=""/>
<attValue code="30002518" text="UNIDENTIFIED" definition="This term is used to describe those product attributes that are unidentifiable given existing or available product information."/>
<attValue code="30002654" text="YES" definition=""/>
</attType>
<attType code="20000794" text="Type of Material" definition="Indicates, with reference to the product branding, labelling or packaging, the descriptive term that is used by the product manufacturer to identify the type of material from which the product is made.">
<attValue code="30000720" text="COMBINATION" definition=""/>
<attValue code="30004052" text="METAL" definition=""/>
<attValue code="30004152" text="PLASTIC" definition="Plastic is a material consisting of any of a wide range of synthetic or semi-synthetic organics that are malleable and can be molded into solid objects of diverse shapes. Plastics are typically organic polymers of high molecular mass, but they often contain other substances. They are usually synthetic, most commonly derived from petrochemicals, but many are partially natural. Plasticity is the general property of all materials that are able to irreversibly deform without breaking, but this occurs to such a degree with this class of moldable polymers that their name is an emphasis on this ability."/>
<attValue code="30002515" text="UNCLASSIFIED" definition="This term is used to describe those product attributes that are unable to be classified within their specific market; e.g. goat&apos;s cheese - goat&apos;s cheeses is often generically labelled and cannot be further classified."/>
<attValue code="30002518" text="UNIDENTIFIED" definition="This term is used to describe those product attributes that are unidentifiable given existing or available product information."/>
</attType>
</brick>
</class>
</family>
<family code="92040000" text="Storage/Haulage Aids" definition="">
<class code="92040100" text="Platform Handling Supports/Converters" definition="">
<brick code="10005857" text="Pallet Converters/Frames" definition="Includes any product that can be described/observed as a frame that turns a pallet into a storage container. The frame structure can be adapted to fit around the periphery of a load. Each frame wall is an openwork structure formed from metal bars, which are interconnected by hinge joints so that the frame structure can be folded flat for storage when not in use. Excludes products such as pallets and racks.">
<attType code="20002720" text="If Foldable/Collapsible" definition="Indicates, with reference to the product branding, labelling or packaging, the descriptive term that is used by the product manufacturer to identify whether the product is foldable/collapsible.">
<attValue code="30002960" text="NO" definition=""/>
<attValue code="30002518" text="UNIDENTIFIED" definition="This term is used to describe those product attributes that are unidentifiable given existing or available product information."/>
<attValue code="30002654" text="YES" definition=""/>
</attType>
<attType code="20002718" text="If With Drop Gate" definition="Indicates, with reference to the product branding, labelling or packaging, the descriptive term that is used by the product manufacturer to identify whether the product has a drop gate.">
<attValue code="30002960" text="NO" definition=""/>
<attValue code="30002518" text="UNIDENTIFIED" definition="This term is used to describe those product attributes that are unidentifiable given existing or available product information."/>
<attValue code="30002654" text="YES" definition=""/>
</attType>
<attType code="20002719" text="Type of Frame/Pallet Converter" definition="Indicates, with reference to the product branding, labelling or packaging, the descriptive term that is used by the product manufacturer to identify the type of frame/pallet converter.">
<attValue code="30005748" text="COLLAR" definition=""/>
<attValue code="30010074" text="LID" definition=""/>
<attValue code="30014557" text="RACKING FRAME" definition=""/>
<attValue code="30002515" text="UNCLASSIFIED" definition="This term is used to describe those product attributes that are unable to be classified within their specific market; e.g. goat&apos;s cheese - goat&apos;s cheeses is often generically labelled and cannot be further classified."/>
<attValue code="30002518" text="UNIDENTIFIED" definition="This term is used to describe those product attributes that are unidentifiable given existing or available product information."/>
</attType>
<attType code="20000794" text="Type of Material" definition="Indicates, with reference to the product branding, labelling or packaging, the descriptive term that is used by the product manufacturer to identify the type of material from which the product is made.">
<attValue code="30000720" text="COMBINATION" definition=""/>
<attValue code="30004052" text="METAL" definition=""/>
<attValue code="30004152" text="PLASTIC" definition="Plastic is a material consisting of any of a wide range of synthetic or semi-synthetic organics that are malleable and can be molded into solid objects of diverse shapes. Plastics are typically organic polymers of high molecular mass, but they often contain other substances. They are usually synthetic, most commonly derived from petrochemicals, but many are partially natural. Plasticity is the general property of all materials that are able to irreversibly deform without breaking, but this occurs to such a degree with this class of moldable polymers that their name is an emphasis on this ability."/>
<attValue code="30002515" text="UNCLASSIFIED" definition="This term is used to describe those product attributes that are unable to be classified within their specific market; e.g. goat&apos;s cheese - goat&apos;s cheeses is often generically labelled and cannot be further classified."/>
<attValue code="30002518" text="UNIDENTIFIED" definition="This term is used to describe those product attributes that are unidentifiable given existing or available product information."/>
<attValue code="30004369" text="WOOD" definition=""/>
</attType>
</brick>
<brick code="10005854" text="Pallets" definition="Includes any products that can be described/observed as a platform used to hold or transport unit loads. The flat transport structure supports goods in a stable fashion while being lifted by a forklift, pallet jack, front loader or other jacking device. A pallet is the structural foundation of a unit load which allows handling and storage efficiencies. Goods or shipping containers are often placed on a pallet secured with strapping, stretch wrap or shrink wrap and shipped. Pallets may be made out of a number of materials or combinations of them. Excludes products such as pallet converters and racks.">
<attType code="20002722" text="ISO Rating" definition="Indicates, with reference to the product branding, labelling or packaging, the descriptive term that is used by the product manufacturer to identify the ISO rating.">
<attValue code="30015375" text="ISO 0" definition=""/>
<attValue code="30014558" text="ISO 1" definition=""/>
<attValue code="30014559" text="ISO 2" definition=""/>
<attValue code="30014560" text="ISO 3" definition=""/>
<attValue code="30014561" text="ISO 4" definition=""/>
<attValue code="30014562" text="ISO 5" definition=""/>
<attValue code="30014563" text="ISO 6" definition=""/>
<attValue code="30002515" text="UNCLASSIFIED" definition="This term is used to describe those product attributes that are unable to be classified within their specific market; e.g. goat&apos;s cheese - goat&apos;s cheeses is often generically labelled and cannot be further classified."/>
<attValue code="30002518" text="UNIDENTIFIED" definition="This term is used to describe those product attributes that are unidentifiable given existing or available product information."/>
</attType>
<attType code="20002721" text="Number of Pick-up Ways" definition="Indicates, with reference to the product branding, labelling or packaging, the descriptive term that is used by the product manufacturer to identify the number of ways the product can be lifted.">
<attValue code="30014565" text="FOUR WAY" definition=""/>
<attValue code="30014564" text="TWO WAY" definition=""/>
<attValue code="30002515" text="UNCLASSIFIED" definition="This term is used to describe those product attributes that are unable to be classified within their specific market; e.g. goat&apos;s cheese - goat&apos;s cheeses is often generically labelled and cannot be further classified."/>
<attValue code="30002518" text="UNIDENTIFIED" definition="This term is used to describe those product attributes that are unidentifiable given existing or available product information."/>
</attType>
<attType code="20000794" text="Type of Material" definition="Indicates, with reference to the product branding, labelling or packaging, the descriptive term that is used by the product manufacturer to identify the type of material from which the product is made.">
<attValue code="30000720" text="COMBINATION" definition=""/>
<attValue code="30004052" text="METAL" definition=""/>
<attValue code="30004152" text="PLASTIC" definition="Plastic is a material consisting of any of a wide range of synthetic or semi-synthetic organics that are malleable and can be molded into solid objects of diverse shapes. Plastics are typically organic polymers of high molecular mass, but they often contain other substances. They are usually synthetic, most commonly derived from petrochemicals, but many are partially natural. Plasticity is the general property of all materials that are able to irreversibly deform without breaking, but this occurs to such a degree with this class of moldable polymers that their name is an emphasis on this ability."/>
<attValue code="30002515" text="UNCLASSIFIED" definition="This term is used to describe those product attributes that are unable to be classified within their specific market; e.g. goat&apos;s cheese - goat&apos;s cheeses is often generically labelled and cannot be further classified."/>
<attValue code="30002518" text="UNIDENTIFIED" definition="This term is used to describe those product attributes that are unidentifiable given existing or available product information."/>
<attValue code="30004369" text="WOOD" definition=""/>
</attType>
<attType code="20002723" text="Type of Pallet" definition="Indicates, with reference to the product branding, labelling or packaging, the descriptive term that is used by the product manufacturer to identify the type of pallet.">
<attValue code="30000374" text="BLOCK" definition="A trade item is referred to as a &quot;block&quot; when it has been formed or shaped into a larger geometric shape than what would be used for a serving or use. It is intended that the user would cut, slice, or otherwise separate portions of the item for individual consumption or use."/>
<attValue code="30012977" text="STRINGER" definition=""/>
<attValue code="30002515" text="UNCLASSIFIED" definition="This term is used to describe those product attributes that are unable to be classified within their specific market; e.g. goat&apos;s cheese - goat&apos;s cheeses is often generically labelled and cannot be further classified."/>
<attValue code="30002518" text="UNIDENTIFIED" definition="This term is used to describe those product attributes that are unidentifiable given existing or available product information."/>
</attType>
</brick>
<brick code="10005858" text="Racks" definition="Includes any products that can be described/observed as a framework or stand for carrying, holding, or storing items. Commonly on wheels and primarily used in logistical functions to deliver items such as hanging garments, or items on shelves such as dairy products and bakery items and flowers. They may be made out of a number of materials or combinations of them. Excludes products such as pallets, converters and transport dollies.">
<attType code="20000794" text="Type of Material" definition="Indicates, with reference to the product branding, labelling or packaging, the descriptive term that is used by the product manufacturer to identify the type of material from which the product is made.">
<attValue code="30000720" text="COMBINATION" definition=""/>
<attValue code="30004052" text="METAL" definition=""/>
<attValue code="30004152" text="PLASTIC" definition="Plastic is a material consisting of any of a wide range of synthetic or semi-synthetic organics that are malleable and can be molded into solid objects of diverse shapes. Plastics are typically organic polymers of high molecular mass, but they often contain other substances. They are usually synthetic, most commonly derived from petrochemicals, but many are partially natural. Plasticity is the general property of all materials that are able to irreversibly deform without breaking, but this occurs to such a degree with this class of moldable polymers that their name is an emphasis on this ability."/>
<attValue code="30002515" text="UNCLASSIFIED" definition="This term is used to describe those product attributes that are unable to be classified within their specific market; e.g. goat&apos;s cheese - goat&apos;s cheeses is often generically labelled and cannot be further classified."/>
<attValue code="30002518" text="UNIDENTIFIED" definition="This term is used to describe those product attributes that are unidentifiable given existing or available product information."/>
<attValue code="30004369" text="WOOD" definition=""/>
</attType>
</brick>
<brick code="10005856" text="Slip Sheets" definition="Includes any products that can be described/observed as firm sheet of plastic, cardboard or other material which may be hooked or attached to a forklift or other transportation equipment. The slip sheet is used to pull products stacked on top of it. Excludes automotive cargo management products already classified such as tarpaulins and tie downs.">
<attType code="20002724" text="Type of Lip" definition="Indicates, with reference to the product branding, labelling or packaging, the descriptive term that is used by the product manufacturer to identify the lifting device or lip (tab) that extends beyond one or more of the sides of the slip sheet.">
<attValue code="30014567" text="MULTI LIP" definition=""/>
<attValue code="30014566" text="SINGLE LIP" definition=""/>
<attValue code="30002515" text="UNCLASSIFIED" definition="This term is used to describe those product attributes that are unable to be classified within their specific market; e.g. goat&apos;s cheese - goat&apos;s cheeses is often generically labelled and cannot be further classified."/>
<attValue code="30002518" text="UNIDENTIFIED" definition="This term is used to describe those product attributes that are unidentifiable given existing or available product information."/>
</attType>
<attType code="20000794" text="Type of Material" definition="Indicates, with reference to the product branding, labelling or packaging, the descriptive term that is used by the product manufacturer to identify the type of material from which the product is made.">
<attValue code="30014568" text="CORRUGATED CARDBOARD" definition=""/>
<attValue code="30014569" text="FIBERBOARD" definition=""/>
<attValue code="30004152" text="PLASTIC" definition="Plastic is a material consisting of any of a wide range of synthetic or semi-synthetic organics that are malleable and can be molded into solid objects of diverse shapes. Plastics are typically organic polymers of high molecular mass, but they often contain other substances. They are usually synthetic, most commonly derived from petrochemicals, but many are partially natural. Plasticity is the general property of all materials that are able to irreversibly deform without breaking, but this occurs to such a degree with this class of moldable polymers that their name is an emphasis on this ability."/>
<attValue code="30002515" text="UNCLASSIFIED" definition="This term is used to describe those product attributes that are unable to be classified within their specific market; e.g. goat&apos;s cheese - goat&apos;s cheeses is often generically labelled and cannot be further classified."/>
<attValue code="30002518" text="UNIDENTIFIED" definition="This term is used to describe those product attributes that are unidentifiable given existing or available product information."/>
</attType>
</brick>
<brick code="10005855" text="Transport Dollies" definition="Includes any product that can be described/observed as a low mobile platform that rolls on casters and is used as a base for assembling, storing, stacking, handling and transporting goods as a unit, and suitable for manually positioning. Excludes products such as racks.">
<attType code="20000794" text="Type of Material" definition="Indicates, with reference to the product branding, labelling or packaging, the descriptive term that is used by the product manufacturer to identify the type of material from which the product is made.">
<attValue code="30000720" text="COMBINATION" definition=""/>
<attValue code="30004052" text="METAL" definition=""/>
<attValue code="30004152" text="PLASTIC" definition="Plastic is a material consisting of any of a wide range of synthetic or semi-synthetic organics that are malleable and can be molded into solid objects of diverse shapes. Plastics are typically organic polymers of high molecular mass, but they often contain other substances. They are usually synthetic, most commonly derived from petrochemicals, but many are partially natural. Plasticity is the general property of all materials that are able to irreversibly deform without breaking, but this occurs to such a degree with this class of moldable polymers that their name is an emphasis on this ability."/>
<attValue code="30002515" text="UNCLASSIFIED" definition="This term is used to describe those product attributes that are unable to be classified within their specific market; e.g. goat&apos;s cheese - goat&apos;s cheeses is often generically labelled and cannot be further classified."/>
<attValue code="30002518" text="UNIDENTIFIED" definition="This term is used to describe those product attributes that are unidentifiable given existing or available product information."/>
<attValue code="30004369" text="WOOD" definition=""/>
</attType>
</brick>
</class>
</family>
<family code="92020000" text="Storage/Haulage Boxes/Crates/Trays (Empty)" definition="">
<class code="92020100" text="Storage/Haulage Boxes/Crates/Trays (Empty)" definition="">
<brick code="10005848" text="Storage/Haulage Boxes (Empty)" definition="Includes any products that can be described/observed as a&#160;reusable rigid, three-dimensional container with closed faces that completely enclose its contents and may be made out of any material. Excludes products such as crates and converter frames and any classified box that is not used as a reusable storage/haulage container. Specifically excludes garden storage boxes.">
<attType code="20002727" text="If Partitioned" definition="Indicates, with reference to the product branding, labelling or packaging, the descriptive term that is used by the product manufacturer to identify if the product is partitioned.">
<attValue code="30002960" text="NO" definition=""/>
<attValue code="30002518" text="UNIDENTIFIED" definition="This term is used to describe those product attributes that are unidentifiable given existing or available product information."/>
<attValue code="30002654" text="YES" definition=""/>
</attType>
<attType code="20002725" text="If With Collapsible Sides" definition="Indicates, with reference to the product branding, labelling or packaging, the descriptive term that is used by the product manufacturer to identify whether the product has collapsible sides.">
<attValue code="30002960" text="NO" definition=""/>
<attValue code="30002518" text="UNIDENTIFIED" definition="This term is used to describe those product attributes that are unidentifiable given existing or available product information."/>
<attValue code="30002654" text="YES" definition=""/>
</attType>
<attType code="20002726" text="Number of Handholds" definition="Indicates, with reference to the product branding, labelling or packaging, the descriptive term that is used by the product manufacturer to identify the number of handholds on the product.">
<attValue code="30009203" text="1" definition=""/>
<attValue code="30009204" text="2" definition=""/>
<attValue code="30009205" text="3" definition=""/>
<attValue code="30009206" text="4" definition=""/>
<attValue code="30002515" text="UNCLASSIFIED" definition="This term is used to describe those product attributes that are unable to be classified within their specific market; e.g. goat&apos;s cheese - goat&apos;s cheeses is often generically labelled and cannot be further classified."/>
<attValue code="30002518" text="UNIDENTIFIED" definition="This term is used to describe those product attributes that are unidentifiable given existing or available product information."/>
</attType>
<attType code="20000794" text="Type of Material" definition="Indicates, with reference to the product branding, labelling or packaging, the descriptive term that is used by the product manufacturer to identify the type of material from which the product is made.">
<attValue code="30000720" text="COMBINATION" definition=""/>
<attValue code="30004052" text="METAL" definition=""/>
<attValue code="30004152" text="PLASTIC" definition="Plastic is a material consisting of any of a wide range of synthetic or semi-synthetic organics that are malleable and can be molded into solid objects of diverse shapes. Plastics are typically organic polymers of high molecular mass, but they often contain other substances. They are usually synthetic, most commonly derived from petrochemicals, but many are partially natural. Plasticity is the general property of all materials that are able to irreversibly deform without breaking, but this occurs to such a degree with this class of moldable polymers that their name is an emphasis on this ability."/>
<attValue code="30002515" text="UNCLASSIFIED" definition="This term is used to describe those product attributes that are unable to be classified within their specific market; e.g. goat&apos;s cheese - goat&apos;s cheeses is often generically labelled and cannot be further classified."/>
<attValue code="30002518" text="UNIDENTIFIED" definition="This term is used to describe those product attributes that are unidentifiable given existing or available product information."/>
<attValue code="30004369" text="WOOD" definition=""/>
</attType>
</brick>
<brick code="10005849" text="Storage/Haulage Crates (Empty)" definition="Includes any products that can be described/observed as a reusable rigid three-dimensional container with slatted sides that enclose its contents for shipment or storage. Crates could have an open or closed top and may have internal dividers. They may be made out of a number of materials or combinations of them. Excludes products such as reusable boxes.">
<attType code="20002727" text="If Partitioned" definition="Indicates, with reference to the product branding, labelling or packaging, the descriptive term that is used by the product manufacturer to identify if the product is partitioned.">
<attValue code="30002960" text="NO" definition=""/>
<attValue code="30002518" text="UNIDENTIFIED" definition="This term is used to describe those product attributes that are unidentifiable given existing or available product information."/>
<attValue code="30002654" text="YES" definition=""/>
</attType>
<attType code="20002725" text="If With Collapsible Sides" definition="Indicates, with reference to the product branding, labelling or packaging, the descriptive term that is used by the product manufacturer to identify whether the product has collapsible sides.">
<attValue code="30002960" text="NO" definition=""/>
<attValue code="30002518" text="UNIDENTIFIED" definition="This term is used to describe those product attributes that are unidentifiable given existing or available product information."/>
<attValue code="30002654" text="YES" definition=""/>
</attType>
<attType code="20002726" text="Number of Handholds" definition="Indicates, with reference to the product branding, labelling or packaging, the descriptive term that is used by the product manufacturer to identify the number of handholds on the product.">
<attValue code="30009203" text="1" definition=""/>
<attValue code="30009204" text="2" definition=""/>
<attValue code="30009205" text="3" definition=""/>
<attValue code="30009206" text="4" definition=""/>
<attValue code="30002515" text="UNCLASSIFIED" definition="This term is used to describe those product attributes that are unable to be classified within their specific market; e.g. goat&apos;s cheese - goat&apos;s cheeses is often generically labelled and cannot be further classified."/>
<attValue code="30002518" text="UNIDENTIFIED" definition="This term is used to describe those product attributes that are unidentifiable given existing or available product information."/>
</attType>
<attType code="20000794" text="Type of Material" definition="Indicates, with reference to the product branding, labelling or packaging, the descriptive term that is used by the product manufacturer to identify the type of material from which the product is made.">
<attValue code="30000720" text="COMBINATION" definition=""/>
<attValue code="30004052" text="METAL" definition=""/>
<attValue code="30004152" text="PLASTIC" definition="Plastic is a material consisting of any of a wide range of synthetic or semi-synthetic organics that are malleable and can be molded into solid objects of diverse shapes. Plastics are typically organic polymers of high molecular mass, but they often contain other substances. They are usually synthetic, most commonly derived from petrochemicals, but many are partially natural. Plasticity is the general property of all materials that are able to irreversibly deform without breaking, but this occurs to such a degree with this class of moldable polymers that their name is an emphasis on this ability."/>
<attValue code="30002515" text="UNCLASSIFIED" definition="This term is used to describe those product attributes that are unable to be classified within their specific market; e.g. goat&apos;s cheese - goat&apos;s cheeses is often generically labelled and cannot be further classified."/>
<attValue code="30002518" text="UNIDENTIFIED" definition="This term is used to describe those product attributes that are unidentifiable given existing or available product information."/>
<attValue code="30004369" text="WOOD" definition=""/>
</attType>
</brick>
<brick code="10005850" text="Storage/Haulage Trays (Empty)" definition="Includes any product that can be described/observed as a reusable shallow container, which may or may not have a cover, used for displaying or carrying items. Excludes products such as racks and pallets.">
<attType code="20000794" text="Type of Material" definition="Indicates, with reference to the product branding, labelling or packaging, the descriptive term that is used by the product manufacturer to identify the type of material from which the product is made.">
<attValue code="30000720" text="COMBINATION" definition=""/>
<attValue code="30004052" text="METAL" definition=""/>
<attValue code="30004152" text="PLASTIC" definition="Plastic is a material consisting of any of a wide range of synthetic or semi-synthetic organics that are malleable and can be molded into solid objects of diverse shapes. Plastics are typically organic polymers of high molecular mass, but they often contain other substances. They are usually synthetic, most commonly derived from petrochemicals, but many are partially natural. Plasticity is the general property of all materials that are able to irreversibly deform without breaking, but this occurs to such a degree with this class of moldable polymers that their name is an emphasis on this ability."/>
<attValue code="30002515" text="UNCLASSIFIED" definition="This term is used to describe those product attributes that are unable to be classified within their specific market; e.g. goat&apos;s cheese - goat&apos;s cheeses is often generically labelled and cannot be further classified."/>
<attValue code="30002518" text="UNIDENTIFIED" definition="This term is used to describe those product attributes that are unidentifiable given existing or available product information."/>
<attValue code="30004369" text="WOOD" definition=""/>
</attType>
</brick>
</class>
</family>
<family code="92030000" text="Storage/Haulage Freight Containers (Empty)" definition="">
<class code="92030100" text="Bulk Freight Containers (Empty)" definition="">
<brick code="10005860" text="Air Freight Containers (Empty)" definition="Includes any products that can be described/observed as a unit load device (ULD), either a pallet or container, used specifically to load luggage, freight, and mail onto a wide-body aircraft or specifically a narrow-body aircraft. The air freight containers allow a large quantity of cargo to be bundled into a single unit and facilitate a one-time load. Excludes ocean freight containers and rigid intermediate bulk containers.">
<attType code="20002729" text="Type of Unit Load Device (ULD)" definition="Indicates, with reference to the product branding, labelling or packaging, the descriptive term that is used by the product manufacturer to identify the unit load device.">
<attValue code="30014570" text="LD-1" definition=""/>
<attValue code="30014571" text="LD-2" definition=""/>
<attValue code="30014572" text="LD-3" definition=""/>
<attValue code="30014573" text="LD-4" definition=""/>
<attValue code="30014574" text="LD-5" definition=""/>
<attValue code="30014575" text="LD-6" definition=""/>
<attValue code="30014576" text="LD-7 PAC" definition=""/>
<attValue code="30014577" text="LD-7 PAG" definition=""/>
<attValue code="30014578" text="LD-8 CONTAINER" definition=""/>
<attValue code="30014579" text="LD-8 PALLET" definition=""/>
<attValue code="30014580" text="LD-9" definition=""/>
<attValue code="30002515" text="UNCLASSIFIED" definition="This term is used to describe those product attributes that are unable to be classified within their specific market; e.g. goat&apos;s cheese - goat&apos;s cheeses is often generically labelled and cannot be further classified."/>
<attValue code="30002518" text="UNIDENTIFIED" definition="This term is used to describe those product attributes that are unidentifiable given existing or available product information."/>
</attType>
</brick>
<brick code="10005861" text="Flexible Bulk Containers (Empty)" definition="Includes any products that can be described/observed as a reusable non-rigid container used for transport and storage of fluids and other bulk materials. The construction of the Flexible Intermediate Bulk Container (FIBC) and the materials used are chosen depending on the application. Excludes products such as rigid intermediate bulk containers.">
<attType code="20001642" text="If UV Protection Claim" definition="Indicates, with reference to the product branding, labelling or packaging, the descriptive term that is used by the product manufacturer to identify whether the product provides UV Protection.">
<attValue code="30002960" text="NO" definition=""/>
<attValue code="30002518" text="UNIDENTIFIED" definition="This term is used to describe those product attributes that are unidentifiable given existing or available product information."/>
<attValue code="30002654" text="YES" definition=""/>
</attType>
<attType code="20000794" text="Type of Material" definition="Indicates, with reference to the product branding, labelling or packaging, the descriptive term that is used by the product manufacturer to identify the type of material from which the product is made.">
<attValue code="30012376" text="POLYPROPYLENE (PP)" definition=""/>
<attValue code="30007858" text="POLYVINYL CHLORIDE (PVC)" definition=""/>
<attValue code="30002515" text="UNCLASSIFIED" definition="This term is used to describe those product attributes that are unable to be classified within their specific market; e.g. goat&apos;s cheese - goat&apos;s cheeses is often generically labelled and cannot be further classified."/>
<attValue code="30002518" text="UNIDENTIFIED" definition="This term is used to describe those product attributes that are unidentifiable given existing or available product information."/>
</attType>
</brick>
<brick code="10005859" text="Ocean Intermodal Freight Containers (Empty)" definition="Includes any products that can be described/observed as a large ocean container that is suitable for multiple modes of transportation (rail, ship, and truck) without any handling of the freight itself when changing modes. The method reduces cargo handling, and so improves security, reduces damages and losses, and allows freight to be transported faster. Reduced costs versus over road trucking is the key benefit for intercontinental use. Excludes products such as air freight containers and storage tanks.">
<attType code="20002722" text="ISO Rating" definition="Indicates, with reference to the product branding, labelling or packaging, the descriptive term that is used by the product manufacturer to identify the ISO rating.">
<attValue code="30014581" text="ISO 10" definition=""/>
<attValue code="30014582" text="ISO 20" definition=""/>
<attValue code="30014583" text="ISO 30" definition=""/>
<attValue code="30014584" text="ISO 40" definition=""/>
<attValue code="30014585" text="ISO 48" definition=""/>
<attValue code="30002515" text="UNCLASSIFIED" definition="This term is used to describe those product attributes that are unable to be classified within their specific market; e.g. goat&apos;s cheese - goat&apos;s cheeses is often generically labelled and cannot be further classified."/>
<attValue code="30002518" text="UNIDENTIFIED" definition="This term is used to describe those product attributes that are unidentifiable given existing or available product information."/>
</attType>
<attType code="20002730" text="Type of Container" definition="Indicates, with reference to the product branding, labelling or packaging, the descriptive term that is used by the product manufacturer to identify the type of container.">
<attValue code="30014586" text="OPEN-TOP CONTAINER" definition=""/>
<attValue code="30014587" text="PLATFORM CONTAINER" definition=""/>
<attValue code="30014588" text="TANK CONTAINER" definition=""/>
<attValue code="30002515" text="UNCLASSIFIED" definition="This term is used to describe those product attributes that are unable to be classified within their specific market; e.g. goat&apos;s cheese - goat&apos;s cheeses is often generically labelled and cannot be further classified."/>
<attValue code="30002518" text="UNIDENTIFIED" definition="This term is used to describe those product attributes that are unidentifiable given existing or available product information."/>
</attType>
</brick>
<brick code="10005862" text="Rigid Intermediate Bulk Containers (Empty)" definition="Includes any products that can be described/observed as a rigid container used for transport and storage of bulk materials. The construction of the IBC container and the materials used are chosen depending on the application. Excludes products such as flexible IBC containers, storage tanks and ocean or air freight containers.">
<attType code="20002731" text="If Caged" definition="Indicates, with reference to the product branding, labelling or packaging, the descriptive term that is used by the product manufacturer to identify whether the container is in a cage.">
<attValue code="30002960" text="NO" definition=""/>
<attValue code="30002518" text="UNIDENTIFIED" definition="This term is used to describe those product attributes that are unidentifiable given existing or available product information."/>
<attValue code="30002654" text="YES" definition=""/>
</attType>
<attType code="20000794" text="Type of Material" definition="Indicates, with reference to the product branding, labelling or packaging, the descriptive term that is used by the product manufacturer to identify the type of material from which the product is made.">
<attValue code="30000720" text="COMBINATION" definition=""/>
<attValue code="30004052" text="METAL" definition=""/>
<attValue code="30004152" text="PLASTIC" definition="Plastic is a material consisting of any of a wide range of synthetic or semi-synthetic organics that are malleable and can be molded into solid objects of diverse shapes. Plastics are typically organic polymers of high molecular mass, but they often contain other substances. They are usually synthetic, most commonly derived from petrochemicals, but many are partially natural. Plasticity is the general property of all materials that are able to irreversibly deform without breaking, but this occurs to such a degree with this class of moldable polymers that their name is an emphasis on this ability."/>
<attValue code="30002515" text="UNCLASSIFIED" definition="This term is used to describe those product attributes that are unable to be classified within their specific market; e.g. goat&apos;s cheese - goat&apos;s cheeses is often generically labelled and cannot be further classified."/>
<attValue code="30002518" text="UNIDENTIFIED" definition="This term is used to describe those product attributes that are unidentifiable given existing or available product information."/>
<attValue code="30004369" text="WOOD" definition=""/>
</attType>
</brick>
<brick code="10005853" text="Storage/Haulage Tanks (Empty)" definition="Includes any products that can be described/observed as a very large, often customised container that may hold water, foodstuffs, hydrogen peroxide, gases and other materials both hazardous and non-hazardous. Common types of ISO tanks include dry tanks, insulated or heated ISO containers, open-top and flat-rock ISO tanks. These reusable containers are mostly transported by road or rail and may be made out of a number of materials or combinations of them. Excludes products such as portable cylinders, ocean intermodal freight containers, air freight containers, intermediate bulk containers and flexible bulk containers .">
<attType code="20002731" text="If Caged" definition="Indicates, with reference to the product branding, labelling or packaging, the descriptive term that is used by the product manufacturer to identify whether the container is in a cage.">
<attValue code="30002960" text="NO" definition=""/>
<attValue code="30002518" text="UNIDENTIFIED" definition="This term is used to describe those product attributes that are unidentifiable given existing or available product information."/>
<attValue code="30002654" text="YES" definition=""/>
</attType>
<attType code="20000794" text="Type of Material" definition="Indicates, with reference to the product branding, labelling or packaging, the descriptive term that is used by the product manufacturer to identify the type of material from which the product is made.">
<attValue code="30004052" text="METAL" definition=""/>
<attValue code="30012600" text="THERMOPLASTIC" definition=""/>
<attValue code="30002515" text="UNCLASSIFIED" definition="This term is used to describe those product attributes that are unable to be classified within their specific market; e.g. goat&apos;s cheese - goat&apos;s cheeses is often generically labelled and cannot be further classified."/>
<attValue code="30002518" text="UNIDENTIFIED" definition="This term is used to describe those product attributes that are unidentifiable given existing or available product information."/>
</attType>
</brick>
</class>
</family>
</segment>
</schema></gpc:gs1Schema></eanucc:message></sh:StandardBusinessDocument>
